epoch,time,train/box_loss,train/cls_loss,train/l1_loss,metrics/precision(B),metrics/recall(B),metrics/mAP50(B),metrics/mAP50-95(B),val/box_loss,val/cls_loss,val/l1_loss,lr/pg0,lr/pg1,lr/pg2,lr/pg3,lr/pg4,lr/pg5,lr/pg6,lr/pg7
1,397.93,2.5557,1.35122,0.00452,0.81418,0.57139,0.6362,0.32864,2.48327,1.31806,0.00649,0.00999379,0.00333126,0.00999379,0.00333126,0.00999379,0.00333126,0.00999379,0.00333126
2,747.253,2.5952,1.39786,0.00469,0.80411,0.55766,0.62049,0.32031,2.51034,1.36273,0.00665,0.0199937,0.00666458,0.0199937,0.00666458,0.0199937,0.00666458,0.0199937,0.00666458
3,1086.52,2.70026,1.49865,0.005,0.78537,0.52998,0.59077,0.29822,2.5906,1.44018,0.00691,0.0299935,0.00999783,0.0299935,0.00999783,0.0299935,0.00999783,0.0299935,0.00999783
4,1425.24,2.77691,1.5819,0.00525,0.7835,0.53213,0.59399,0.30175,2.57411,1.47748,0.00693,0.0299993,0.00999978,0.0299993,0.00999978,0.0299993,0.00999978,0.0299993,0.00999978
5,1752.25,2.77571,1.59788,0.00531,0.79522,0.53839,0.60107,0.30451,2.56564,1.46069,0.00684,0.0299988,0.00999961,0.0299988,0.00999961,0.0299988,0.00999961,0.0299988,0.00999961
6,2088.49,2.78665,1.58622,0.00523,0.78057,0.54071,0.59902,0.3011,2.57317,1.42445,0.00688,0.0299982,0.00999939,0.0299982,0.00999939,0.0299982,0.00999939,0.0299982,0.00999939
7,2426.88,2.76051,1.56275,0.00523,0.78534,0.5427,0.60241,0.30771,2.55574,1.41648,0.00679,0.0299974,0.00999912,0.0299974,0.00999912,0.0299974,0.00999912,0.0299974,0.00999912
8,2756.53,2.78353,1.58522,0.00519,0.78935,0.53748,0.59838,0.30401,2.54609,1.40061,0.00663,0.0299964,0.0099988,0.0299964,0.0099988,0.0299964,0.0099988,0.0299964,0.0099988
9,3079.77,2.7617,1.5662,0.00513,0.79366,0.54288,0.60583,0.3111,2.52529,1.38224,0.00666,0.0299953,0.00999844,0.0299953,0.00999844,0.0299953,0.00999844,0.0299953,0.00999844
10,3409.36,2.79576,1.58439,0.00524,0.78876,0.54129,0.60265,0.30966,2.5403,1.38383,0.00665,0.0299941,0.00999802,0.0299941,0.00999802,0.0299941,0.00999802,0.0299941,0.00999802
11,3740.09,2.77245,1.56168,0.00518,0.79162,0.54366,0.60715,0.30831,2.54596,1.38476,0.00667,0.0299927,0.00999756,0.0299927,0.00999756,0.0299927,0.00999756,0.0299927,0.00999756
12,4071.71,2.7908,1.56945,0.00518,0.79361,0.53869,0.60221,0.30905,2.52874,1.38638,0.00665,0.0299911,0.00999704,0.0299911,0.00999704,0.0299911,0.00999704,0.0299911,0.00999704
13,4398.06,2.7569,1.53868,0.00514,0.78317,0.54532,0.60485,0.3116,2.52842,1.39675,0.0066,0.0299894,0.00999648,0.0299894,0.00999648,0.0299894,0.00999648,0.0299894,0.00999648
14,4723.23,2.76887,1.55155,0.00519,0.79708,0.54769,0.61008,0.31201,2.53349,1.3554,0.00653,0.0299876,0.00999587,0.0299876,0.00999587,0.0299876,0.00999587,0.0299876,0.00999587
15,5048.18,2.75968,1.54367,0.00513,0.79526,0.54169,0.60662,0.31121,2.51944,1.38981,0.00654,0.0299856,0.00999521,0.0299856,0.00999521,0.0299856,0.00999521,0.0299856,0.00999521
16,5376.56,2.76421,1.54479,0.00511,0.79912,0.54716,0.61221,0.31621,2.50776,1.33922,0.00655,0.0299835,0.0099945,0.0299835,0.0099945,0.0299835,0.0099945,0.0299835,0.0099945
17,5702.92,2.76186,1.52939,0.00509,0.80562,0.54471,0.60992,0.3152,2.50734,1.36176,0.00648,0.0299812,0.00999375,0.0299812,0.00999375,0.0299812,0.00999375,0.0299812,0.00999375
18,6029.01,2.73905,1.52095,0.00506,0.79786,0.55334,0.61636,0.31927,2.49293,1.33535,0.00642,0.0299788,0.00999294,0.0299788,0.00999294,0.0299788,0.00999294,0.0299788,0.00999294
19,6356.03,2.76277,1.53915,0.00513,0.80281,0.54917,0.61655,0.32082,2.487,1.3274,0.00638,0.0299763,0.00999209,0.0299763,0.00999209,0.0299763,0.00999209,0.0299763,0.00999209
20,6681.96,2.74509,1.52159,0.00507,0.80474,0.55308,0.61804,0.32093,2.49332,1.32749,0.00649,0.0299736,0.00999118,0.0299736,0.00999118,0.0299736,0.00999118,0.0299736,0.00999118
21,7008.87,2.7728,1.53551,0.00509,0.7985,0.55235,0.61829,0.32119,2.47771,1.33942,0.00645,0.0299707,0.00999023,0.0299707,0.00999023,0.0299707,0.00999023,0.0299707,0.00999023
22,7366.65,2.72776,1.51479,0.00504,0.80809,0.55419,0.62144,0.32362,2.47366,1.31925,0.0064,0.0299677,0.00998923,0.0299677,0.00998923,0.0299677,0.00998923,0.0299677,0.00998923
23,7749.7,2.73972,1.52267,0.00509,0.80874,0.55753,0.6223,0.3225,2.48008,1.3264,0.00635,0.0299645,0.00998818,0.0299645,0.00998818,0.0299645,0.00998818,0.0299645,0.00998818
24,8077.89,2.7444,1.51282,0.00512,0.80745,0.55736,0.62148,0.3227,2.48299,1.30402,0.00634,0.0299613,0.00998708,0.0299613,0.00998708,0.0299613,0.00998708,0.0299613,0.00998708
25,8409.07,2.75326,1.53386,0.0051,0.81002,0.5496,0.61817,0.32247,2.47666,1.32742,0.00634,0.0299578,0.00998594,0.0299578,0.00998594,0.0299578,0.00998594,0.0299578,0.00998594
26,8738.02,2.74758,1.52651,0.00506,0.80188,0.55078,0.61598,0.32109,2.48288,1.32832,0.00636,0.0299542,0.00998474,0.0299542,0.00998474,0.0299542,0.00998474,0.0299542,0.00998474
27,9061.57,2.73258,1.51334,0.00504,0.80965,0.55464,0.62155,0.32386,2.47831,1.30235,0.00633,0.0299505,0.0099835,0.0299505,0.0099835,0.0299505,0.0099835,0.0299505,0.0099835
28,9386.24,2.74972,1.51087,0.00498,0.80251,0.55723,0.62301,0.32509,2.46613,1.32427,0.0063,0.0299466,0.0099822,0.0299466,0.0099822,0.0299466,0.0099822,0.0299466,0.0099822
29,9709.18,2.73454,1.5223,0.00505,0.80416,0.55877,0.62277,0.32435,2.46693,1.30013,0.0063,0.0299426,0.00998086,0.0299426,0.00998086,0.0299426,0.00998086,0.0299426,0.00998086
30,10033.9,2.7298,1.49922,0.00511,0.80905,0.56013,0.62595,0.3271,2.45479,1.29347,0.00626,0.0299384,0.00997947,0.0299384,0.00997947,0.0299384,0.00997947,0.0299384,0.00997947
31,10360.2,2.74185,1.50878,0.00501,0.8058,0.55877,0.62438,0.32622,2.46646,1.29664,0.00624,0.0299341,0.00997803,0.0299341,0.00997803,0.0299341,0.00997803,0.0299341,0.00997803
32,10687.8,2.74446,1.51078,0.00503,0.80892,0.56117,0.62718,0.328,2.45748,1.30103,0.00626,0.0299296,0.00997654,0.0299296,0.00997654,0.0299296,0.00997654,0.0299296,0.00997654
33,11017.4,2.73092,1.51381,0.00505,0.80782,0.55789,0.62564,0.32833,2.45311,1.28758,0.00627,0.029925,0.00997501,0.029925,0.00997501,0.029925,0.00997501,0.029925,0.00997501
34,11342.7,2.71947,1.50192,0.00505,0.80426,0.5621,0.62681,0.3281,2.45488,1.28645,0.00623,0.0299203,0.00997342,0.0299203,0.00997342,0.0299203,0.00997342,0.0299203,0.00997342
35,11669,2.75699,1.53371,0.00504,0.81329,0.56351,0.63009,0.32988,2.4533,1.28603,0.00629,0.0299154,0.00997179,0.0299154,0.00997179,0.0299154,0.00997179,0.0299154,0.00997179
36,11999.2,2.72725,1.48598,0.00497,0.80934,0.56635,0.63184,0.33026,2.44639,1.28447,0.0062,0.0299103,0.00997011,0.0299103,0.00997011,0.0299103,0.00997011,0.0299103,0.00997011
37,12325.6,2.73832,1.50477,0.00502,0.81487,0.563,0.63122,0.33032,2.452,1.2859,0.00622,0.0299051,0.00996838,0.0299051,0.00996838,0.0299051,0.00996838,0.0299051,0.00996838
38,12655.1,2.73662,1.49714,0.00507,0.81363,0.56119,0.62965,0.33002,2.44394,1.28778,0.00618,0.0298998,0.0099666,0.0298998,0.0099666,0.0298998,0.0099666,0.0298998,0.0099666
39,13077.5,2.74189,1.50597,0.00496,0.8083,0.56444,0.62931,0.33173,2.43509,1.28177,0.00618,0.0298943,0.00996477,0.0298943,0.00996477,0.0298943,0.00996477,0.0298943,0.00996477
40,13652.5,2.74003,1.49754,0.005,0.81436,0.56464,0.63195,0.33238,2.4407,1.27908,0.00617,0.0298887,0.00996289,0.0298887,0.00996289,0.0298887,0.00996289,0.0298887,0.00996289
41,14159.7,2.73302,1.49382,0.005,0.81571,0.56263,0.63228,0.33201,2.44045,1.27991,0.00616,0.0298829,0.00996097,0.0298829,0.00996097,0.0298829,0.00996097,0.0298829,0.00996097
42,14490.1,2.72491,1.48642,0.00499,0.81459,0.56256,0.6316,0.33227,2.4406,1.28052,0.00616,0.029877,0.00995899,0.029877,0.00995899,0.029877,0.00995899,0.029877,0.00995899
43,14819.9,2.73761,1.48666,0.00501,0.81536,0.56911,0.63536,0.33337,2.43731,1.25946,0.00619,0.0298709,0.00995697,0.0298709,0.00995697,0.0298709,0.00995697,0.0298709,0.00995697
44,15148.9,2.73037,1.47534,0.00498,0.81346,0.56661,0.63409,0.33323,2.43591,1.26357,0.00618,0.0298647,0.0099549,0.0298647,0.0099549,0.0298647,0.0099549,0.0298647,0.0099549
45,15472.4,2.72715,1.48334,0.00505,0.81317,0.56583,0.63454,0.33394,2.43299,1.26012,0.00617,0.0298584,0.00995278,0.0298584,0.00995278,0.0298584,0.00995278,0.0298584,0.00995278
46,15796.1,2.73434,1.48666,0.005,0.81548,0.56756,0.63647,0.33478,2.43429,1.2611,0.00615,0.0298519,0.00995062,0.0298519,0.00995062,0.0298519,0.00995062,0.0298519,0.00995062
47,16121.7,2.72878,1.48636,0.00501,0.81203,0.56799,0.63557,0.33371,2.4342,1.27094,0.00615,0.0298452,0.0099484,0.0298452,0.0099484,0.0298452,0.0099484,0.0298452,0.0099484
48,16446.6,2.72735,1.4953,0.00502,0.81723,0.56751,0.6359,0.33561,2.42692,1.26818,0.00614,0.0298384,0.00994614,0.0298384,0.00994614,0.0298384,0.00994614,0.0298384,0.00994614
49,16772.9,2.72581,1.49302,0.00505,0.82086,0.5685,0.63718,0.33631,2.42418,1.25919,0.00613,0.0298315,0.00994383,0.0298315,0.00994383,0.0298315,0.00994383,0.0298315,0.00994383
50,17098.3,2.73171,1.49514,0.00502,0.82005,0.57016,0.63866,0.33705,2.42102,1.26276,0.00612,0.0298244,0.00994147,0.0298244,0.00994147,0.0298244,0.00994147,0.0298244,0.00994147
51,17423.4,2.73616,1.49117,0.00507,0.81515,0.57121,0.63855,0.33642,2.42128,1.26388,0.00613,0.0298172,0.00993906,0.0298172,0.00993906,0.0298172,0.00993906,0.0298172,0.00993906
52,17748.8,2.72469,1.47859,0.00499,0.81665,0.57235,0.63888,0.33638,2.4245,1.25849,0.00611,0.0298098,0.0099366,0.0298098,0.0099366,0.0298098,0.0099366,0.0298098,0.0099366
53,18074.1,2.73434,1.489,0.00494,0.81779,0.57096,0.63808,0.33657,2.42242,1.26083,0.00611,0.0298023,0.0099341,0.0298023,0.0099341,0.0298023,0.0099341,0.0298023,0.0099341
54,18399.9,2.72015,1.48161,0.00501,0.81498,0.57094,0.63763,0.33593,2.42578,1.26192,0.00612,0.0297946,0.00993154,0.0297946,0.00993154,0.0297946,0.00993154,0.0297946,0.00993154
55,18724.8,2.72879,1.49065,0.00505,0.81728,0.5697,0.63726,0.33575,2.42194,1.26131,0.0061,0.0297868,0.00992894,0.0297868,0.00992894,0.0297868,0.00992894,0.0297868,0.00992894
56,19049.9,2.73937,1.47886,0.005,0.81841,0.56973,0.63808,0.3363,2.42199,1.26411,0.0061,0.0297789,0.00992629,0.0297789,0.00992629,0.0297789,0.00992629,0.0297789,0.00992629
57,19375.6,2.73116,1.48417,0.00494,0.8147,0.57072,0.63803,0.3363,2.41802,1.26509,0.00607,0.0297708,0.00992359,0.0297708,0.00992359,0.0297708,0.00992359,0.0297708,0.00992359
58,19702.4,2.7441,1.4844,0.00495,0.81304,0.57144,0.6382,0.33621,2.41738,1.26267,0.00606,0.0297625,0.00992085,0.0297625,0.00992085,0.0297625,0.00992085,0.0297625,0.00992085
59,20026.5,2.71979,1.47331,0.00494,0.81653,0.57089,0.6392,0.33665,2.41464,1.26346,0.00605,0.0297542,0.00991805,0.0297542,0.00991805,0.0297542,0.00991805,0.0297542,0.00991805
60,20351,2.71953,1.48827,0.00504,0.81866,0.57114,0.63948,0.33715,2.41568,1.26004,0.00605,0.0297456,0.00991521,0.0297456,0.00991521,0.0297456,0.00991521,0.0297456,0.00991521
61,20676.3,2.72339,1.46953,0.00502,0.81696,0.57343,0.64014,0.33739,2.41363,1.25907,0.00605,0.029737,0.00991232,0.029737,0.00991232,0.029737,0.00991232,0.029737,0.00991232
62,21002.7,2.74776,1.49147,0.00497,0.81887,0.57263,0.64021,0.33883,2.41254,1.25337,0.00605,0.0297282,0.00990938,0.0297282,0.00990938,0.0297282,0.00990938,0.0297282,0.00990938
63,21330.6,2.73409,1.48203,0.00503,0.81658,0.57498,0.64048,0.33849,2.40998,1.25051,0.00605,0.0297192,0.0099064,0.0297192,0.0099064,0.0297192,0.0099064,0.0297192,0.0099064
64,21656.9,2.74871,1.48526,0.00499,0.81626,0.57431,0.64028,0.33873,2.40973,1.2532,0.00605,0.0297101,0.00990336,0.0297101,0.00990336,0.0297101,0.00990336,0.0297101,0.00990336
65,21984.4,2.74472,1.49142,0.005,0.81761,0.57457,0.64073,0.33905,2.40799,1.25295,0.00604,0.0297008,0.00990028,0.0297008,0.00990028,0.0297008,0.00990028,0.0297008,0.00990028
66,22311.3,2.73346,1.48496,0.00497,0.81661,0.57426,0.64014,0.3389,2.40824,1.25229,0.00604,0.0296915,0.00989715,0.0296915,0.00989715,0.0296915,0.00989715,0.0296915,0.00989715
67,22637.7,2.72596,1.48285,0.00495,0.81802,0.57361,0.63992,0.33908,2.407,1.25189,0.00604,0.0296819,0.00989398,0.0296819,0.00989398,0.0296819,0.00989398,0.0296819,0.00989398
68,22964.3,2.72707,1.48303,0.00501,0.81731,0.57467,0.64026,0.3391,2.40458,1.25469,0.00603,0.0296723,0.00989075,0.0296723,0.00989075,0.0296723,0.00989075,0.0296723,0.00989075
69,23289.6,2.73085,1.47467,0.00498,0.81536,0.57492,0.64019,0.33915,2.4043,1.2539,0.00602,0.0296624,0.00988748,0.0296624,0.00988748,0.0296624,0.00988748,0.0296624,0.00988748
70,23617.1,2.71561,1.45876,0.00489,0.81648,0.57585,0.64083,0.33899,2.405,1.25413,0.00602,0.0296525,0.00988416,0.0296525,0.00988416,0.0296525,0.00988416,0.0296525,0.00988416
71,23942.5,2.73245,1.47832,0.00502,0.81402,0.57667,0.64098,0.33932,2.40392,1.25434,0.00601,0.0296424,0.00988079,0.0296424,0.00988079,0.0296424,0.00988079,0.0296424,0.00988079
72,24268.8,2.72803,1.47016,0.00493,0.81698,0.57525,0.64161,0.33933,2.40577,1.25092,0.00602,0.0296321,0.00987737,0.0296321,0.00987737,0.0296321,0.00987737,0.0296321,0.00987737
73,24593.9,2.70639,1.46499,0.00499,0.81812,0.57565,0.64177,0.33985,2.40489,1.249,0.00601,0.0296217,0.00987391,0.0296217,0.00987391,0.0296217,0.00987391,0.0296217,0.00987391
74,24920,2.72252,1.468,0.00496,0.81684,0.57588,0.64181,0.33991,2.40462,1.24884,0.00601,0.0296112,0.0098704,0.0296112,0.0098704,0.0296112,0.0098704,0.0296112,0.0098704
75,25245.4,2.71507,1.45736,0.00495,0.81969,0.57568,0.64195,0.34011,2.40409,1.25014,0.00601,0.0296005,0.00986684,0.0296005,0.00986684,0.0296005,0.00986684,0.0296005,0.00986684
76,25571,2.73516,1.4753,0.00492,0.82198,0.57413,0.64177,0.34002,2.4038,1.25026,0.00601,0.0295897,0.00986323,0.0295897,0.00986323,0.0295897,0.00986323,0.0295897,0.00986323
77,25897,2.72197,1.46445,0.00501,0.81914,0.57597,0.64331,0.34057,2.40194,1.2522,0.00601,0.0295787,0.00985958,0.0295787,0.00985958,0.0295787,0.00985958,0.0295787,0.00985958
78,26223,2.71122,1.46201,0.00495,0.818,0.57686,0.64347,0.34052,2.40223,1.25078,0.00601,0.0295676,0.00985588,0.0295676,0.00985588,0.0295676,0.00985588,0.0295676,0.00985588
79,26548.4,2.7271,1.47281,0.00493,0.81932,0.57562,0.64403,0.34055,2.40227,1.24983,0.00601,0.0295564,0.00985213,0.0295564,0.00985213,0.0295564,0.00985213,0.0295564,0.00985213
80,26874.7,2.7236,1.46562,0.00496,0.82012,0.57593,0.64414,0.34066,2.40148,1.25064,0.006,0.029545,0.00984833,0.029545,0.00984833,0.029545,0.00984833,0.029545,0.00984833
81,27201.4,2.72403,1.46917,0.00497,0.81908,0.57641,0.64417,0.34067,2.40109,1.2506,0.006,0.0295335,0.00984449,0.0295335,0.00984449,0.0295335,0.00984449,0.0295335,0.00984449
82,27528.6,2.74243,1.47919,0.00491,0.81864,0.57696,0.64393,0.34083,2.40132,1.24944,0.006,0.0295218,0.0098406,0.0295218,0.0098406,0.0295218,0.0098406,0.0295218,0.0098406
83,27854.3,2.7285,1.47278,0.00497,0.81805,0.57774,0.64431,0.341,2.40049,1.24891,0.006,0.02951,0.00983666,0.02951,0.00983666,0.02951,0.00983666,0.02951,0.00983666
84,28180.1,2.71628,1.46319,0.00497,0.81767,0.57739,0.64413,0.34099,2.40043,1.2487,0.006,0.029498,0.00983267,0.029498,0.00983267,0.029498,0.00983267,0.029498,0.00983267
85,28506.3,2.7439,1.47506,0.00493,0.81661,0.57756,0.64432,0.34117,2.39965,1.24957,0.00599,0.0294859,0.00982864,0.0294859,0.00982864,0.0294859,0.00982864,0.0294859,0.00982864
86,28832.3,2.71181,1.45864,0.00498,0.81674,0.57774,0.64444,0.34151,2.39833,1.2493,0.00599,0.0294737,0.00982456,0.0294737,0.00982456,0.0294737,0.00982456,0.0294737,0.00982456
87,29158.8,2.72468,1.46763,0.00497,0.81766,0.57724,0.64434,0.34154,2.39827,1.24817,0.00599,0.0294613,0.00982043,0.0294613,0.00982043,0.0294613,0.00982043,0.0294613,0.00982043
88,29485.2,2.73496,1.47606,0.00497,0.81783,0.57736,0.64456,0.342,2.39751,1.24862,0.00598,0.0294488,0.00981626,0.0294488,0.00981626,0.0294488,0.00981626,0.0294488,0.00981626
89,29812.2,2.73115,1.4648,0.00498,0.81665,0.57802,0.64444,0.34156,2.39805,1.24736,0.00598,0.0294361,0.00981204,0.0294361,0.00981204,0.0294361,0.00981204,0.0294361,0.00981204
90,30138.4,2.71608,1.45822,0.00493,0.81784,0.57812,0.64489,0.34164,2.39853,1.24554,0.00598,0.0294233,0.00980777,0.0294233,0.00980777,0.0294233,0.00980777,0.0294233,0.00980777
91,30464.6,2.73041,1.47143,0.00502,0.81697,0.57955,0.64523,0.34172,2.3984,1.24528,0.00598,0.0294104,0.00980345,0.0294104,0.00980345,0.0294104,0.00980345,0.0294104,0.00980345
92,30790.1,2.73909,1.46785,0.00498,0.81788,0.57915,0.64547,0.3419,2.39722,1.24455,0.00598,0.0293973,0.00979909,0.0293973,0.00979909,0.0293973,0.00979909,0.0293973,0.00979909
93,31117.7,2.71207,1.46276,0.00498,0.81863,0.5788,0.64572,0.34198,2.39693,1.24477,0.00598,0.029384,0.00979468,0.029384,0.00979468,0.029384,0.00979468,0.029384,0.00979468
94,31445,2.7333,1.47388,0.00493,0.81855,0.57924,0.64605,0.34166,2.39702,1.24464,0.00598,0.0293707,0.00979023,0.0293707,0.00979023,0.0293707,0.00979023,0.0293707,0.00979023
95,31771.7,2.72396,1.47282,0.00495,0.81853,0.57891,0.64594,0.34174,2.3967,1.24439,0.00598,0.0293572,0.00978572,0.0293572,0.00978572,0.0293572,0.00978572,0.0293572,0.00978572
96,32102.5,2.71183,1.45608,0.00494,0.81818,0.57933,0.64589,0.34166,2.39687,1.24278,0.00598,0.0293435,0.00978118,0.0293435,0.00978118,0.0293435,0.00978118,0.0293435,0.00978118
97,32428.8,2.71548,1.45631,0.00499,0.81704,0.58006,0.64589,0.34187,2.3977,1.24104,0.00598,0.0293297,0.00977658,0.0293297,0.00977658,0.0293297,0.00977658,0.0293297,0.00977658
98,32755.4,2.72232,1.46463,0.005,0.81788,0.58016,0.64594,0.34192,2.39754,1.24032,0.00598,0.0293158,0.00977194,0.0293158,0.00977194,0.0293158,0.00977194,0.0293158,0.00977194
99,33080.9,2.69812,1.45673,0.00493,0.81721,0.57979,0.64578,0.34202,2.39736,1.24043,0.00598,0.0293017,0.00976725,0.0293017,0.00976725,0.0293017,0.00976725,0.0293017,0.00976725
100,33407.8,2.72031,1.4623,0.00494,0.81699,0.58054,0.64595,0.34203,2.39754,1.24046,0.00598,0.0292875,0.00976251,0.0292875,0.00976251,0.0292875,0.00976251,0.0292875,0.00976251
101,33733.2,2.72304,1.4745,0.00496,0.81747,0.58046,0.64608,0.34206,2.39712,1.24039,0.00598,0.0292732,0.00975773,0.0292732,0.00975773,0.0292732,0.00975773,0.0292732,0.00975773
102,34059.5,2.72394,1.4568,0.00499,0.8186,0.57991,0.64622,0.34193,2.39715,1.23976,0.00599,0.0292587,0.0097529,0.0292587,0.0097529,0.0292587,0.0097529,0.0292587,0.0097529
103,34387.2,2.72441,1.45645,0.00503,0.81895,0.57956,0.64631,0.34229,2.39783,1.2397,0.00599,0.0292441,0.00974803,0.0292441,0.00974803,0.0292441,0.00974803,0.0292441,0.00974803
104,34713.5,2.74078,1.46731,0.00494,0.81826,0.5796,0.6465,0.34232,2.39717,1.23903,0.00598,0.0292293,0.0097431,0.0292293,0.0097431,0.0292293,0.0097431,0.0292293,0.0097431
105,35040.9,2.72094,1.4549,0.00494,0.81726,0.58049,0.64651,0.342,2.39706,1.23868,0.00598,0.0292144,0.00973814,0.0292144,0.00973814,0.0292144,0.00973814,0.0292144,0.00973814
106,35367.7,2.72442,1.45903,0.00487,0.81764,0.58039,0.6467,0.34214,2.39652,1.23876,0.00598,0.0291994,0.00973312,0.0291994,0.00973312,0.0291994,0.00973312,0.0291994,0.00973312
107,35694.1,2.71128,1.45396,0.00492,0.81832,0.57946,0.64635,0.34226,2.39634,1.24007,0.00598,0.0291842,0.00972806,0.0291842,0.00972806,0.0291842,0.00972806,0.0291842,0.00972806
108,36020.3,2.71407,1.46173,0.00494,0.81803,0.57959,0.64653,0.34264,2.39548,1.24035,0.00598,0.0291689,0.00972296,0.0291689,0.00972296,0.0291689,0.00972296,0.0291689,0.00972296
109,36348.1,2.72242,1.46148,0.00495,0.81867,0.57915,0.64636,0.34267,2.39569,1.24077,0.00598,0.0291534,0.0097178,0.0291534,0.0097178,0.0291534,0.0097178,0.0291534,0.0097178
110,36675.6,2.71944,1.45828,0.00504,0.81919,0.5789,0.64648,0.34233,2.39547,1.23993,0.00598,0.0291378,0.0097126,0.0291378,0.0097126,0.0291378,0.0097126,0.0291378,0.0097126
111,37003.8,2.73045,1.46393,0.00496,0.81913,0.5788,0.64625,0.34253,2.39548,1.2397,0.00598,0.0291221,0.00970736,0.0291221,0.00970736,0.0291221,0.00970736,0.0291221,0.00970736
112,37327.9,2.71291,1.45967,0.00496,0.81727,0.57996,0.64649,0.34275,2.39463,1.24004,0.00597,0.0291062,0.00970207,0.0291062,0.00970207,0.0291062,0.00970207,0.0291062,0.00970207
113,37653.4,2.71651,1.45614,0.00497,0.81706,0.58011,0.64645,0.34272,2.39393,1.2404,0.00597,0.0290902,0.00969673,0.0290902,0.00969673,0.0290902,0.00969673,0.0290902,0.00969673
114,37980.6,2.71122,1.45612,0.00495,0.81714,0.57999,0.64637,0.34262,2.3944,1.24041,0.00597,0.0290741,0.00969135,0.0290741,0.00969135,0.0290741,0.00969135,0.0290741,0.00969135
115,38307.6,2.71582,1.46445,0.00495,0.81729,0.58046,0.64664,0.34247,2.3944,1.24021,0.00597,0.0290578,0.00968592,0.0290578,0.00968592,0.0290578,0.00968592,0.0290578,0.00968592
116,38635.3,2.73514,1.46012,0.00494,0.81695,0.58039,0.64654,0.34223,2.39433,1.24173,0.00596,0.0290413,0.00968045,0.0290413,0.00968045,0.0290413,0.00968045,0.0290413,0.00968045
117,38962.5,2.73895,1.467,0.0049,0.8169,0.58021,0.6464,0.34225,2.39504,1.24129,0.00597,0.0290248,0.00967493,0.0290248,0.00967493,0.0290248,0.00967493,0.0290248,0.00967493
118,39288.9,2.72686,1.47238,0.00495,0.81696,0.57998,0.64626,0.34227,2.39418,1.24187,0.00597,0.0290081,0.00966936,0.0290081,0.00966936,0.0290081,0.00966936,0.0290081,0.00966936
119,39614.4,2.7105,1.45028,0.00497,0.81662,0.58023,0.64623,0.34229,2.39454,1.24151,0.00597,0.0289913,0.00966375,0.0289913,0.00966375,0.0289913,0.00966375,0.0289913,0.00966375
120,39941.8,2.7264,1.45992,0.0049,0.81536,0.58021,0.64603,0.34209,2.39482,1.24204,0.00597,0.0289743,0.0096581,0.0289743,0.0096581,0.0289743,0.0096581,0.0289743,0.0096581
121,40268.4,2.7132,1.45906,0.00496,0.81632,0.58006,0.64611,0.34219,2.39421,1.24195,0.00596,0.0289572,0.00965239,0.0289572,0.00965239,0.0289572,0.00965239,0.0289572,0.00965239
122,40597.3,2.73016,1.48062,0.00493,0.81584,0.58066,0.64623,0.34232,2.39377,1.24172,0.00596,0.0289399,0.00964665,0.0289399,0.00964665,0.0289399,0.00964665,0.0289399,0.00964665
123,40923,2.72884,1.46637,0.00492,0.8175,0.58026,0.64661,0.34244,2.39309,1.24221,0.00596,0.0289226,0.00964085,0.0289226,0.00964085,0.0289226,0.00964085,0.0289226,0.00964085
124,41250,2.71643,1.4697,0.00495,0.81725,0.58061,0.64652,0.34243,2.39327,1.24277,0.00596,0.028905,0.00963502,0.028905,0.00963502,0.028905,0.00963502,0.028905,0.00963502
125,41576.7,2.69546,1.44623,0.00499,0.81835,0.58031,0.64657,0.34255,2.39304,1.24251,0.00596,0.0288874,0.00962913,0.0288874,0.00962913,0.0288874,0.00962913,0.0288874,0.00962913
126,41902.2,2.7139,1.45052,0.00496,0.81747,0.58036,0.6465,0.34249,2.39292,1.24255,0.00596,0.0288696,0.0096232,0.0288696,0.0096232,0.0288696,0.0096232,0.0288696,0.0096232
127,42230,2.70911,1.45782,0.00497,0.81982,0.57976,0.64643,0.34236,2.39296,1.24282,0.00596,0.0288517,0.00961723,0.0288517,0.00961723,0.0288517,0.00961723,0.0288517,0.00961723
128,42556.4,2.71684,1.46543,0.00493,0.81941,0.57966,0.64646,0.34257,2.39331,1.24209,0.00596,0.0288336,0.00961121,0.0288336,0.00961121,0.0288336,0.00961121,0.0288336,0.00961121
129,42884.7,2.70265,1.46347,0.005,0.81972,0.57938,0.64663,0.34259,2.39333,1.24214,0.00596,0.0288154,0.00960515,0.0288154,0.00960515,0.0288154,0.00960515,0.0288154,0.00960515
130,43217.5,2.722,1.45858,0.00492,0.81965,0.57943,0.64634,0.34226,2.39301,1.24292,0.00596,0.0287971,0.00959904,0.0287971,0.00959904,0.0287971,0.00959904,0.0287971,0.00959904
131,43545.1,2.70277,1.4607,0.00492,0.81924,0.57943,0.64599,0.34219,2.39359,1.24317,0.00596,0.0287787,0.00959289,0.0287787,0.00959289,0.0287787,0.00959289,0.0287787,0.00959289
132,43874.3,2.70389,1.45935,0.00496,0.82022,0.57905,0.64601,0.34226,2.3929,1.2437,0.00596,0.0287601,0.00958669,0.0287601,0.00958669,0.0287601,0.00958669,0.0287601,0.00958669
133,44204.9,2.7119,1.45869,0.00498,0.82214,0.57824,0.64598,0.3422,2.39297,1.24448,0.00596,0.0287413,0.00958044,0.0287413,0.00958044,0.0287413,0.00958044,0.0287413,0.00958044
134,44534.6,2.70825,1.44571,0.00494,0.81992,0.57885,0.64575,0.34216,2.39269,1.24453,0.00596,0.0287225,0.00957416,0.0287225,0.00957416,0.0287225,0.00957416,0.0287225,0.00957416
135,44863.8,2.70852,1.44572,0.00493,0.82027,0.57841,0.64575,0.34222,2.39259,1.24435,0.00595,0.0287035,0.00956782,0.0287035,0.00956782,0.0287035,0.00956782,0.0287035,0.00956782
136,45195.7,2.72426,1.46189,0.00495,0.82002,0.57852,0.64572,0.34227,2.39185,1.24563,0.00595,0.0286843,0.00956145,0.0286843,0.00956145,0.0286843,0.00956145,0.0286843,0.00956145
137,45524.4,2.6975,1.4572,0.00494,0.82021,0.57847,0.64574,0.34232,2.39223,1.24504,0.00595,0.0286651,0.00955502,0.0286651,0.00955502,0.0286651,0.00955502,0.0286651,0.00955502
138,45862.8,2.70686,1.45566,0.00497,0.81911,0.57882,0.64579,0.34233,2.39161,1.24563,0.00595,0.0286457,0.00954856,0.0286457,0.00954856,0.0286457,0.00954856,0.0286457,0.00954856
139,46193,2.73248,1.46111,0.00493,0.81951,0.57877,0.64565,0.3423,2.39187,1.24551,0.00595,0.0286261,0.00954205,0.0286261,0.00954205,0.0286261,0.00954205,0.0286261,0.00954205
140,46524.8,2.72891,1.46504,0.00492,0.81921,0.57852,0.64572,0.3423,2.39191,1.24522,0.00595,0.0286065,0.00953549,0.0286065,0.00953549,0.0286065,0.00953549,0.0286065,0.00953549
141,46855.5,2.71616,1.4543,0.00493,0.82058,0.57859,0.64613,0.34242,2.39222,1.24565,0.00595,0.0285867,0.00952889,0.0285867,0.00952889,0.0285867,0.00952889,0.0285867,0.00952889
142,47185.8,2.71002,1.47597,0.00498,0.82037,0.57859,0.64601,0.34249,2.3913,1.24634,0.00595,0.0285668,0.00952225,0.0285668,0.00952225,0.0285668,0.00952225,0.0285668,0.00952225
143,47518.1,2.71585,1.46678,0.00493,0.81927,0.57953,0.64623,0.34287,2.39132,1.24523,0.00595,0.0285467,0.00951556,0.0285467,0.00951556,0.0285467,0.00951556,0.0285467,0.00951556
144,47845.6,2.69255,1.44554,0.0049,0.81813,0.58001,0.64628,0.34266,2.39188,1.24481,0.00596,0.0285265,0.00950883,0.0285265,0.00950883,0.0285265,0.00950883,0.0285265,0.00950883
145,48172.3,2.69489,1.45996,0.00492,0.81907,0.57968,0.64629,0.34247,2.39211,1.24557,0.00596,0.0285062,0.00950206,0.0285062,0.00950206,0.0285062,0.00950206,0.0285062,0.00950206
146,48500.1,2.71895,1.4596,0.0049,0.81905,0.57948,0.64624,0.34265,2.39217,1.24562,0.00596,0.0284857,0.00949524,0.0284857,0.00949524,0.0284857,0.00949524,0.0284857,0.00949524
147,48831.6,2.73764,1.47429,0.00493,0.81776,0.57966,0.64628,0.34248,2.39223,1.24592,0.00596,0.0284651,0.00948837,0.0284651,0.00948837,0.0284651,0.00948837,0.0284651,0.00948837
148,49161.9,2.70178,1.45151,0.00495,0.81823,0.57857,0.646,0.34238,2.39203,1.24595,0.00596,0.0284444,0.00948147,0.0284444,0.00948147,0.0284444,0.00948147,0.0284444,0.00948147
149,49489.7,2.71296,1.45151,0.00496,0.81867,0.57858,0.64596,0.34223,2.39245,1.24587,0.00596,0.0284235,0.00947452,0.0284235,0.00947452,0.0284235,0.00947452,0.0284235,0.00947452
150,49818.9,2.72866,1.469,0.00489,0.82014,0.57804,0.64643,0.34271,2.39157,1.24487,0.00596,0.0284026,0.00946752,0.0284026,0.00946752,0.0284026,0.00946752,0.0284026,0.00946752
151,50149.8,2.71877,1.46726,0.00495,0.82065,0.57785,0.64638,0.34273,2.39228,1.24459,0.00596,0.0283814,0.00946048,0.0283814,0.00946048,0.0283814,0.00946048,0.0283814,0.00946048
152,50481.3,2.70334,1.452,0.00486,0.81932,0.57862,0.64641,0.34258,2.39262,1.24399,0.00596,0.0283602,0.0094534,0.0283602,0.0094534,0.0283602,0.0094534,0.0283602,0.0094534
153,50804.2,2.71623,1.44887,0.00496,0.82139,0.57789,0.64667,0.34306,2.39163,1.24409,0.00596,0.0283388,0.00944628,0.0283388,0.00944628,0.0283388,0.00944628,0.0283388,0.00944628
154,51127.7,2.70052,1.45608,0.00498,0.82125,0.57847,0.64679,0.34315,2.39143,1.24444,0.00596,0.0283173,0.00943911,0.0283173,0.00943911,0.0283173,0.00943911,0.0283173,0.00943911
155,51454.3,2.72218,1.45052,0.00492,0.82171,0.57835,0.64701,0.34313,2.39095,1.24427,0.00596,0.0282957,0.00943189,0.0282957,0.00943189,0.0282957,0.00943189,0.0282957,0.00943189
156,51781.6,2.71759,1.46021,0.00493,0.8233,0.57792,0.64747,0.34318,2.39176,1.24226,0.00596,0.0282739,0.00942464,0.0282739,0.00942464,0.0282739,0.00942464,0.0282739,0.00942464
157,52112.9,2.71972,1.4568,0.00493,0.82282,0.57787,0.64731,0.3434,2.39114,1.24198,0.00596,0.028252,0.00941734,0.028252,0.00941734,0.028252,0.00941734,0.028252,0.00941734
158,52450.8,2.69176,1.44299,0.00493,0.82157,0.57847,0.64727,0.34328,2.39184,1.24165,0.00596,0.02823,0.00941,0.02823,0.00941,0.02823,0.00941,0.02823,0.00941
159,52781.5,2.70083,1.44795,0.00492,0.8221,0.57847,0.64733,0.34319,2.39163,1.24193,0.00596,0.0282078,0.00940262,0.0282078,0.00940262,0.0282078,0.00940262,0.0282078,0.00940262
160,53106.5,2.71468,1.44626,0.00492,0.82235,0.57852,0.64748,0.34354,2.39101,1.24336,0.00596,0.0281856,0.00939519,0.0281856,0.00939519,0.0281856,0.00939519,0.0281856,0.00939519
161,53432,2.7207,1.45131,0.0049,0.82206,0.57867,0.64743,0.34345,2.3909,1.24289,0.00596,0.0281632,0.00938772,0.0281632,0.00938772,0.0281632,0.00938772,0.0281632,0.00938772
162,53756.2,2.73242,1.46571,0.00489,0.82225,0.57824,0.64727,0.34313,2.39056,1.24337,0.00595,0.0281406,0.0093802,0.0281406,0.0093802,0.0281406,0.0093802,0.0281406,0.0093802
163,54080,2.71162,1.45013,0.0049,0.82237,0.57837,0.64729,0.34316,2.39079,1.24356,0.00596,0.0281179,0.00937265,0.0281179,0.00937265,0.0281179,0.00937265,0.0281179,0.00937265
164,54405,2.72077,1.45611,0.00495,0.82234,0.57837,0.64731,0.34334,2.39038,1.24257,0.00595,0.0280952,0.00936505,0.0280952,0.00936505,0.0280952,0.00936505,0.0280952,0.00936505
165,54732.1,2.71536,1.45218,0.00487,0.82257,0.57837,0.64722,0.34326,2.38986,1.24354,0.00595,0.0280722,0.00935741,0.0280722,0.00935741,0.0280722,0.00935741,0.0280722,0.00935741
166,55057.7,2.7163,1.45909,0.00493,0.82293,0.57804,0.64714,0.34321,2.39003,1.24406,0.00595,0.0280492,0.00934973,0.0280492,0.00934973,0.0280492,0.00934973,0.0280492,0.00934973
167,55385.2,2.71505,1.44582,0.00485,0.82283,0.57797,0.64703,0.34305,2.39074,1.2437,0.00595,0.028026,0.009342,0.028026,0.009342,0.028026,0.009342,0.028026,0.009342
168,55712.4,2.74082,1.45339,0.0049,0.82302,0.57812,0.64709,0.34309,2.39028,1.24365,0.00595,0.0280027,0.00933423,0.0280027,0.00933423,0.0280027,0.00933423,0.0280027,0.00933423
169,56043.8,2.73719,1.46318,0.00485,0.82346,0.57824,0.64721,0.34364,2.39039,1.24265,0.00595,0.0279793,0.00932642,0.0279793,0.00932642,0.0279793,0.00932642,0.0279793,0.00932642
170,56373.3,2.7021,1.45268,0.0049,0.82531,0.57789,0.64729,0.34368,2.3892,1.2431,0.00595,0.0279557,0.00931857,0.0279557,0.00931857,0.0279557,0.00931857,0.0279557,0.00931857
171,56705.9,2.71709,1.45566,0.00484,0.82458,0.5775,0.64709,0.34372,2.38843,1.24409,0.00594,0.027932,0.00931067,0.027932,0.00931067,0.027932,0.00931067,0.027932,0.00931067
172,57036.7,2.7074,1.44435,0.00489,0.82348,0.57812,0.64727,0.34342,2.38919,1.24305,0.00594,0.0279082,0.00930274,0.0279082,0.00930274,0.0279082,0.00930274,0.0279082,0.00930274
173,57365.9,2.7164,1.4628,0.0049,0.82463,0.57819,0.64738,0.34378,2.38836,1.24335,0.00594,0.0278843,0.00929476,0.0278843,0.00929476,0.0278843,0.00929476,0.0278843,0.00929476
174,57697.9,2.71172,1.44873,0.0049,0.82447,0.57814,0.64752,0.34381,2.38909,1.24353,0.00594,0.0278602,0.00928674,0.0278602,0.00928674,0.0278602,0.00928674,0.0278602,0.00928674
175,58029.1,2.73141,1.45776,0.00485,0.82419,0.57842,0.64753,0.34367,2.38999,1.24233,0.00595,0.027836,0.00927867,0.027836,0.00927867,0.027836,0.00927867,0.027836,0.00927867
176,58361.9,2.73,1.45375,0.00493,0.8238,0.5782,0.64757,0.34373,2.38995,1.24222,0.00594,0.0278117,0.00927057,0.0278117,0.00927057,0.0278117,0.00927057,0.0278117,0.00927057
177,58695,2.72567,1.45814,0.00487,0.82381,0.57822,0.6475,0.34344,2.38961,1.2433,0.00594,0.0277873,0.00926242,0.0277873,0.00926242,0.0277873,0.00926242,0.0277873,0.00926242
178,59026.7,2.71295,1.45262,0.0049,0.82415,0.5783,0.64777,0.34362,2.38963,1.2432,0.00594,0.0277627,0.00925423,0.0277627,0.00925423,0.0277627,0.00925423,0.0277627,0.00925423
179,59354.7,2.70219,1.44125,0.00494,0.82404,0.57822,0.64768,0.34367,2.38909,1.24417,0.00594,0.027738,0.00924601,0.027738,0.00924601,0.027738,0.00924601,0.027738,0.00924601
180,59685.9,2.71098,1.44048,0.0049,0.82425,0.57847,0.64773,0.34354,2.38937,1.24373,0.00594,0.0277132,0.00923774,0.0277132,0.00923774,0.0277132,0.00923774,0.0277132,0.00923774
181,60017.9,2.72022,1.4507,0.00495,0.82352,0.5785,0.64745,0.34364,2.38939,1.24318,0.00594,0.0276883,0.00922942,0.0276883,0.00922942,0.0276883,0.00922942,0.0276883,0.00922942
182,60347.1,2.72863,1.45645,0.0049,0.82381,0.57835,0.64746,0.34383,2.38971,1.24318,0.00594,0.0276632,0.00922107,0.0276632,0.00922107,0.0276632,0.00922107,0.0276632,0.00922107
183,60671,2.7036,1.44563,0.00492,0.82325,0.57835,0.64736,0.34379,2.39,1.24304,0.00594,0.027638,0.00921268,0.027638,0.00921268,0.027638,0.00921268,0.027638,0.00921268
184,60997.1,2.71404,1.45293,0.0049,0.82363,0.57857,0.64754,0.34389,2.3903,1.24206,0.00594,0.0276127,0.00920424,0.0276127,0.00920424,0.0276127,0.00920424,0.0276127,0.00920424
185,61322.1,2.72642,1.4455,0.00492,0.82431,0.57843,0.64757,0.34391,2.39087,1.24184,0.00594,0.0275873,0.00919576,0.0275873,0.00919576,0.0275873,0.00919576,0.0275873,0.00919576
186,61647.5,2.71189,1.44754,0.00492,0.82266,0.57895,0.64754,0.34374,2.39028,1.24128,0.00594,0.0275617,0.00918725,0.0275617,0.00918725,0.0275617,0.00918725,0.0275617,0.00918725
187,61973.1,2.73125,1.45997,0.00495,0.82385,0.57885,0.64775,0.34396,2.39049,1.24104,0.00595,0.0275361,0.00917869,0.0275361,0.00917869,0.0275361,0.00917869,0.0275361,0.00917869
188,62304.2,2.70053,1.44729,0.00499,0.82413,0.5787,0.64758,0.34387,2.39023,1.24201,0.00595,0.0275103,0.00917009,0.0275103,0.00917009,0.0275103,0.00917009,0.0275103,0.00917009
189,62636.6,2.71525,1.44051,0.00493,0.82264,0.57913,0.64751,0.34385,2.38932,1.24233,0.00594,0.0274843,0.00916145,0.0274843,0.00916145,0.0274843,0.00916145,0.0274843,0.00916145
190,62966.8,2.72154,1.45899,0.00492,0.82192,0.57976,0.64752,0.34375,2.38896,1.24279,0.00594,0.0274583,0.00915277,0.0274583,0.00915277,0.0274583,0.00915277,0.0274583,0.00915277
191,63294.2,2.7287,1.45512,0.00486,0.82165,0.57973,0.64752,0.3436,2.38975,1.24269,0.00594,0.0274321,0.00914405,0.0274321,0.00914405,0.0274321,0.00914405,0.0274321,0.00914405
192,63618.7,2.70715,1.44382,0.0049,0.82344,0.57946,0.64797,0.34361,2.39004,1.24193,0.00594,0.0274059,0.00913529,0.0274059,0.00913529,0.0274059,0.00913529,0.0274059,0.00913529
193,63944.7,2.70222,1.44711,0.00495,0.82299,0.57941,0.64794,0.34363,2.3891,1.24317,0.00594,0.0273795,0.00912649,0.0273795,0.00912649,0.0273795,0.00912649,0.0273795,0.00912649
194,64271.1,2.7023,1.45443,0.00492,0.82395,0.57868,0.64794,0.34407,2.38934,1.24232,0.00594,0.0273529,0.00911764,0.0273529,0.00911764,0.0273529,0.00911764,0.0273529,0.00911764
195,64597.4,2.7217,1.44606,0.00485,0.82371,0.57878,0.64794,0.34369,2.3892,1.24265,0.00594,0.0273263,0.00910876,0.0273263,0.00910876,0.0273263,0.00910876,0.0273263,0.00910876
196,64921.8,2.71534,1.44759,0.00494,0.82284,0.57923,0.64803,0.34381,2.38767,1.2441,0.00594,0.0272995,0.00909984,0.0272995,0.00909984,0.0272995,0.00909984,0.0272995,0.00909984
197,65247.6,2.72586,1.46354,0.00488,0.82381,0.57891,0.64808,0.34372,2.38753,1.24357,0.00594,0.0272726,0.00909088,0.0272726,0.00909088,0.0272726,0.00909088,0.0272726,0.00909088
198,65573.5,2.71109,1.44016,0.00492,0.82285,0.57915,0.64789,0.34364,2.38793,1.24429,0.00594,0.0272456,0.00908188,0.0272456,0.00908188,0.0272456,0.00908188,0.0272456,0.00908188
199,65901.7,2.70975,1.44081,0.0049,0.82412,0.57832,0.64787,0.3435,2.38796,1.24339,0.00594,0.0272185,0.00907284,0.0272185,0.00907284,0.0272185,0.00907284,0.0272185,0.00907284
200,66227.5,2.70065,1.44195,0.00486,0.82316,0.57898,0.648,0.34357,2.38853,1.24284,0.00594,0.0271913,0.00906375,0.0271913,0.00906375,0.0271913,0.00906375,0.0271913,0.00906375
201,66553.9,2.69796,1.44695,0.00486,0.82383,0.57882,0.64818,0.34369,2.38826,1.2435,0.00594,0.0271639,0.00905463,0.0271639,0.00905463,0.0271639,0.00905463,0.0271639,0.00905463
202,66879.8,2.7209,1.44689,0.00489,0.82303,0.57892,0.64834,0.3441,2.38786,1.24336,0.00594,0.0271364,0.00904547,0.0271364,0.00904547,0.0271364,0.00904547,0.0271364,0.00904547
203,67204.9,2.70525,1.44453,0.00489,0.82371,0.57876,0.64835,0.34439,2.38724,1.24347,0.00594,0.0271088,0.00903627,0.0271088,0.00903627,0.0271088,0.00903627,0.0271088,0.00903627
204,67530.5,2.69458,1.43126,0.0049,0.82275,0.5792,0.64822,0.34389,2.38793,1.2436,0.00594,0.0270811,0.00902703,0.0270811,0.00902703,0.0270811,0.00902703,0.0270811,0.00902703
205,67857.6,2.75148,1.46773,0.00487,0.82407,0.57936,0.64832,0.34381,2.38804,1.24238,0.00594,0.0270533,0.00901776,0.0270533,0.00901776,0.0270533,0.00901776,0.0270533,0.00901776
206,68188.8,2.70129,1.43704,0.0049,0.82416,0.57892,0.6481,0.34393,2.38851,1.24343,0.00594,0.0270253,0.00900844,0.0270253,0.00900844,0.0270253,0.00900844,0.0270253,0.00900844
207,68513.9,2.70072,1.45528,0.00494,0.82371,0.57903,0.6482,0.34394,2.38779,1.24351,0.00594,0.0269972,0.00899908,0.0269972,0.00899908,0.0269972,0.00899908,0.0269972,0.00899908
208,68839.2,2.69753,1.44873,0.00493,0.82469,0.57865,0.64847,0.34398,2.38859,1.2436,0.00594,0.0269691,0.00898969,0.0269691,0.00898969,0.0269691,0.00898969,0.0269691,0.00898969
209,69165.8,2.68199,1.43148,0.00489,0.82413,0.57847,0.64811,0.34409,2.38859,1.24324,0.00594,0.0269408,0.00898025,0.0269408,0.00898025,0.0269408,0.00898025,0.0269408,0.00898025
210,69492,2.71822,1.45379,0.00488,0.82283,0.57904,0.64807,0.34388,2.38828,1.24308,0.00594,0.0269123,0.00897078,0.0269123,0.00897078,0.0269123,0.00897078,0.0269123,0.00897078
211,69817,2.70005,1.42459,0.00492,0.82224,0.57937,0.64826,0.34396,2.38814,1.24236,0.00594,0.0268838,0.00896127,0.0268838,0.00896127,0.0268838,0.00896127,0.0268838,0.00896127
212,70142.7,2.714,1.45226,0.00485,0.82229,0.57934,0.64811,0.34389,2.3886,1.24133,0.00594,0.0268552,0.00895172,0.0268552,0.00895172,0.0268552,0.00895172,0.0268552,0.00895172
213,70468.6,2.69677,1.43923,0.00494,0.8213,0.58007,0.64817,0.3438,2.38758,1.24141,0.00594,0.0268264,0.00894213,0.0268264,0.00894213,0.0268264,0.00894213,0.0268264,0.00894213
214,70792.8,2.69969,1.45913,0.00493,0.82113,0.58003,0.64818,0.34395,2.38706,1.24146,0.00594,0.0267975,0.0089325,0.0267975,0.0089325,0.0267975,0.0089325,0.0267975,0.0089325
215,71117.7,2.69513,1.43681,0.00493,0.8221,0.57939,0.64848,0.3441,2.38693,1.24095,0.00594,0.0267685,0.00892283,0.0267685,0.00892283,0.0267685,0.00892283,0.0267685,0.00892283
216,71443.9,2.69241,1.43058,0.00493,0.82126,0.57919,0.64821,0.34393,2.38661,1.24076,0.00594,0.0267394,0.00891313,0.0267394,0.00891313,0.0267394,0.00891313,0.0267394,0.00891313
217,71770.6,2.70201,1.43601,0.00496,0.8216,0.57935,0.64837,0.34406,2.38703,1.24145,0.00594,0.0267102,0.00890339,0.0267102,0.00890339,0.0267102,0.00890339,0.0267102,0.00890339
218,72096.7,2.70641,1.43332,0.00489,0.82286,0.57853,0.64833,0.34434,2.387,1.23977,0.00594,0.0266808,0.00889361,0.0266808,0.00889361,0.0266808,0.00889361,0.0266808,0.00889361
219,72424,2.71661,1.44648,0.00493,0.82327,0.5785,0.64859,0.34412,2.38751,1.24018,0.00594,0.0266514,0.00888379,0.0266514,0.00888379,0.0266514,0.00888379,0.0266514,0.00888379
220,72750.9,2.71294,1.443,0.00488,0.82182,0.57903,0.64852,0.34415,2.38795,1.24003,0.00594,0.0266218,0.00887393,0.0266218,0.00887393,0.0266218,0.00887393,0.0266218,0.00887393
221,73077,2.7007,1.44206,0.00487,0.82107,0.5795,0.6486,0.34424,2.38743,1.23966,0.00594,0.0265921,0.00886404,0.0265921,0.00886404,0.0265921,0.00886404,0.0265921,0.00886404
222,73402.8,2.71208,1.44419,0.00495,0.82229,0.57903,0.64866,0.34423,2.38812,1.23922,0.00594,0.0265623,0.00885411,0.0265623,0.00885411,0.0265623,0.00885411,0.0265623,0.00885411
223,73728.3,2.68954,1.42953,0.00492,0.82146,0.5789,0.64853,0.34417,2.38709,1.24068,0.00594,0.0265324,0.00884414,0.0265324,0.00884414,0.0265324,0.00884414,0.0265324,0.00884414
224,74054.2,2.69153,1.42745,0.00491,0.82272,0.57823,0.64867,0.34415,2.38724,1.23984,0.00594,0.0265024,0.00883413,0.0265024,0.00883413,0.0265024,0.00883413,0.0265024,0.00883413
225,74383,2.71935,1.43828,0.00493,0.82134,0.57867,0.64845,0.34423,2.38663,1.23987,0.00594,0.0264723,0.00882409,0.0264723,0.00882409,0.0264723,0.00882409,0.0264723,0.00882409
226,74711.7,2.67842,1.41995,0.00492,0.82169,0.57881,0.64852,0.34426,2.38717,1.23917,0.00594,0.026442,0.00881401,0.026442,0.00881401,0.026442,0.00881401,0.026442,0.00881401
227,75041.9,2.7145,1.4339,0.00487,0.82081,0.57913,0.64836,0.34444,2.38719,1.23836,0.00594,0.0264117,0.00880389,0.0264117,0.00880389,0.0264117,0.00880389,0.0264117,0.00880389
228,75375.1,2.71479,1.45072,0.00489,0.82142,0.57862,0.64834,0.34399,2.38712,1.23935,0.00594,0.0263812,0.00879374,0.0263812,0.00879374,0.0263812,0.00879374,0.0263812,0.00879374
229,75699.4,2.68747,1.43892,0.00489,0.81958,0.57948,0.64837,0.34406,2.38659,1.24015,0.00594,0.0263506,0.00878354,0.0263506,0.00878354,0.0263506,0.00878354,0.0263506,0.00878354
230,76025,2.71025,1.44663,0.00488,0.81932,0.5796,0.6483,0.34402,2.38729,1.24008,0.00594,0.0263199,0.00877332,0.0263199,0.00877332,0.0263199,0.00877332,0.0263199,0.00877332
231,76348.5,2.70419,1.43907,0.00487,0.81841,0.58003,0.64841,0.34397,2.38658,1.23948,0.00594,0.0262891,0.00876305,0.0262891,0.00876305,0.0262891,0.00876305,0.0262891,0.00876305
232,76673.5,2.71496,1.43668,0.00491,0.81897,0.57996,0.64844,0.34424,2.38718,1.23842,0.00595,0.0262582,0.00875275,0.0262582,0.00875275,0.0262582,0.00875275,0.0262582,0.00875275
233,76999.5,2.69838,1.4316,0.00496,0.81979,0.57986,0.64862,0.34474,2.38689,1.23764,0.00595,0.0262272,0.00874241,0.0262272,0.00874241,0.0262272,0.00874241,0.0262272,0.00874241
234,77326.3,2.70391,1.43822,0.00487,0.82049,0.58008,0.64877,0.34457,2.38705,1.23788,0.00595,0.0261961,0.00873203,0.0261961,0.00873203,0.0261961,0.00873203,0.0261961,0.00873203
235,77651.7,2.69926,1.43536,0.00489,0.82113,0.57968,0.64854,0.34448,2.3877,1.23821,0.00595,0.0261649,0.00872162,0.0261649,0.00872162,0.0261649,0.00872162,0.0261649,0.00872162
236,77982.3,2.71629,1.4498,0.00489,0.82018,0.58001,0.64868,0.34456,2.38703,1.23709,0.00595,0.0261335,0.00871117,0.0261335,0.00871117,0.0261335,0.00871117,0.0261335,0.00871117
237,78310.1,2.71621,1.45088,0.00485,0.8201,0.58016,0.64866,0.34457,2.38715,1.23738,0.00595,0.0261021,0.00870069,0.0261021,0.00870069,0.0261021,0.00870069,0.0261021,0.00870069
238,78637,2.71384,1.44179,0.00489,0.8202,0.57973,0.64861,0.34421,2.38684,1.23725,0.00595,0.0260705,0.00869017,0.0260705,0.00869017,0.0260705,0.00869017,0.0260705,0.00869017
239,78967.8,2.7136,1.45041,0.00487,0.8218,0.57914,0.64844,0.34462,2.38681,1.23728,0.00595,0.0260388,0.00867961,0.0260388,0.00867961,0.0260388,0.00867961,0.0260388,0.00867961
240,79299.5,2.70671,1.4432,0.00489,0.82075,0.57991,0.64853,0.34475,2.38673,1.23717,0.00595,0.0260071,0.00866902,0.0260071,0.00866902,0.0260071,0.00866902,0.0260071,0.00866902
241,79632.7,2.71565,1.45634,0.00488,0.82077,0.57988,0.64843,0.34475,2.38704,1.23641,0.00595,0.0259752,0.00865839,0.0259752,0.00865839,0.0259752,0.00865839,0.0259752,0.00865839
242,79964.2,2.73713,1.44907,0.0048,0.81998,0.58003,0.64846,0.34475,2.38732,1.2359,0.00595,0.0259432,0.00864773,0.0259432,0.00864773,0.0259432,0.00864773,0.0259432,0.00864773
243,80291.5,2.72047,1.44221,0.00483,0.82002,0.58026,0.64849,0.34476,2.38701,1.23629,0.00595,0.0259111,0.00863703,0.0259111,0.00863703,0.0259111,0.00863703,0.0259111,0.00863703
244,80622.9,2.70839,1.43947,0.0048,0.81967,0.58003,0.64827,0.34451,2.38657,1.23755,0.00594,0.0258789,0.0086263,0.0258789,0.0086263,0.0258789,0.0086263,0.0258789,0.0086263
245,80954.6,2.70623,1.43881,0.00484,0.82007,0.5804,0.64855,0.34458,2.38647,1.23587,0.00595,0.0258466,0.00861553,0.0258466,0.00861553,0.0258466,0.00861553,0.0258466,0.00861553
246,81284.9,2.704,1.43158,0.00484,0.81985,0.58033,0.64853,0.34451,2.38598,1.23622,0.00595,0.0258142,0.00860473,0.0258142,0.00860473,0.0258142,0.00860473,0.0258142,0.00860473
247,81616.9,2.71672,1.43884,0.00484,0.8203,0.58046,0.64882,0.34458,2.38614,1.23549,0.00594,0.0257817,0.00859389,0.0257817,0.00859389,0.0257817,0.00859389,0.0257817,0.00859389
248,81946.8,2.70842,1.42936,0.0048,0.81935,0.58051,0.64877,0.34458,2.3869,1.2354,0.00595,0.025749,0.00858301,0.025749,0.00858301,0.025749,0.00858301,0.025749,0.00858301
249,82276.7,2.70731,1.44431,0.00489,0.82069,0.57981,0.64869,0.34454,2.38669,1.23519,0.00594,0.0257163,0.0085721,0.0257163,0.0085721,0.0257163,0.0085721,0.0257163,0.0085721
250,82604.8,2.69242,1.43468,0.00486,0.82066,0.57978,0.64867,0.3445,2.38638,1.23504,0.00594,0.0256835,0.00856116,0.0256835,0.00856116,0.0256835,0.00856116,0.0256835,0.00856116
251,82935.9,2.70637,1.44179,0.00486,0.81992,0.58081,0.64891,0.34458,2.3864,1.23463,0.00594,0.0256505,0.00855018,0.0256505,0.00855018,0.0256505,0.00855018,0.0256505,0.00855018
252,83268,2.71486,1.44966,0.00487,0.82023,0.58074,0.64897,0.34445,2.38718,1.23443,0.00594,0.0256175,0.00853917,0.0256175,0.00853917,0.0256175,0.00853917,0.0256175,0.00853917
253,83596.1,2.69418,1.4345,0.00488,0.82018,0.58124,0.64905,0.34463,2.38698,1.23536,0.00594,0.0255844,0.00852812,0.0255844,0.00852812,0.0255844,0.00852812,0.0255844,0.00852812
254,83925.4,2.68532,1.42944,0.0049,0.82062,0.58118,0.64929,0.34473,2.38698,1.2348,0.00594,0.0255511,0.00851704,0.0255511,0.00851704,0.0255511,0.00851704,0.0255511,0.00851704
255,84257.4,2.70734,1.44007,0.00487,0.81968,0.58126,0.6489,0.34455,2.38767,1.23468,0.00594,0.0255178,0.00850592,0.0255178,0.00850592,0.0255178,0.00850592,0.0255178,0.00850592
256,84585.3,2.69179,1.43099,0.00493,0.8197,0.58182,0.64911,0.34449,2.38701,1.23504,0.00594,0.0254843,0.00849477,0.0254843,0.00849477,0.0254843,0.00849477,0.0254843,0.00849477
257,84918.9,2.7062,1.43579,0.00485,0.81885,0.58179,0.64909,0.34457,2.38625,1.23513,0.00594,0.0254508,0.00848358,0.0254508,0.00848358,0.0254508,0.00848358,0.0254508,0.00848358
258,85251.1,2.69503,1.43821,0.00489,0.81974,0.58129,0.64916,0.34446,2.38641,1.23507,0.00594,0.0254171,0.00847237,0.0254171,0.00847237,0.0254171,0.00847237,0.0254171,0.00847237
259,85581.2,2.71614,1.44496,0.00485,0.81983,0.58124,0.64897,0.34453,2.38663,1.23565,0.00594,0.0253833,0.00846111,0.0253833,0.00846111,0.0253833,0.00846111,0.0253833,0.00846111
260,85913.7,2.71705,1.44138,0.0048,0.82007,0.58154,0.6492,0.34455,2.38651,1.23594,0.00594,0.0253495,0.00844983,0.0253495,0.00844983,0.0253495,0.00844983,0.0253495,0.00844983
261,86246,2.71312,1.44329,0.00476,0.82151,0.58119,0.64952,0.34449,2.38635,1.23557,0.00594,0.0253155,0.00843851,0.0253155,0.00843851,0.0253155,0.00843851,0.0253155,0.00843851
262,86578.3,2.71579,1.44825,0.00484,0.8212,0.58124,0.64959,0.34455,2.38599,1.23595,0.00594,0.0252815,0.00842716,0.0252815,0.00842716,0.0252815,0.00842716,0.0252815,0.00842716
263,86909.1,2.7004,1.43466,0.00485,0.81944,0.58109,0.64918,0.34496,2.38534,1.23643,0.00594,0.0252473,0.00841577,0.0252473,0.00841577,0.0252473,0.00841577,0.0252473,0.00841577
264,87237,2.67973,1.4276,0.00486,0.81979,0.58086,0.64892,0.34484,2.38544,1.23651,0.00594,0.025213,0.00840435,0.025213,0.00840435,0.025213,0.00840435,0.025213,0.00840435
265,87563.8,2.70071,1.44025,0.00482,0.82094,0.58089,0.64904,0.34481,2.38448,1.23516,0.00594,0.0251787,0.0083929,0.0251787,0.0083929,0.0251787,0.0083929,0.0251787,0.0083929
266,87891.4,2.69459,1.43151,0.00481,0.82152,0.58071,0.64924,0.34468,2.38474,1.23497,0.00594,0.0251442,0.00838141,0.0251442,0.00838141,0.0251442,0.00838141,0.0251442,0.00838141
267,88216.3,2.70131,1.43131,0.00483,0.82137,0.58078,0.6492,0.34505,2.38424,1.2357,0.00594,0.0251097,0.00836989,0.0251097,0.00836989,0.0251097,0.00836989,0.0251097,0.00836989
268,88545.9,2.70072,1.44225,0.00483,0.82114,0.58064,0.6491,0.34456,2.38427,1.23585,0.00594,0.025075,0.00835834,0.025075,0.00835834,0.025075,0.00835834,0.025075,0.00835834
269,88878.6,2.7171,1.44432,0.00481,0.82037,0.58109,0.64896,0.34461,2.3846,1.2352,0.00594,0.0250403,0.00834676,0.0250403,0.00834676,0.0250403,0.00834676,0.0250403,0.00834676
270,89209.4,2.69213,1.42394,0.00482,0.81984,0.58121,0.6489,0.3448,2.38444,1.23525,0.00594,0.0250054,0.00833514,0.0250054,0.00833514,0.0250054,0.00833514,0.0250054,0.00833514
271,89538.3,2.70125,1.438,0.00484,0.82086,0.58107,0.64915,0.34491,2.38444,1.23418,0.00594,0.0249705,0.00832349,0.0249705,0.00832349,0.0249705,0.00832349,0.0249705,0.00832349
272,89868.7,2.70826,1.43458,0.00477,0.82108,0.58144,0.64944,0.34476,2.38511,1.23427,0.00594,0.0249354,0.00831181,0.0249354,0.00831181,0.0249354,0.00831181,0.0249354,0.00831181
273,90199.9,2.69972,1.43835,0.00484,0.82079,0.58124,0.64931,0.34476,2.38606,1.23276,0.00594,0.0249003,0.0083001,0.0249003,0.0083001,0.0249003,0.0083001,0.0249003,0.0083001
274,90532.9,2.71183,1.42514,0.00484,0.81997,0.58147,0.64917,0.34494,2.38618,1.23227,0.00594,0.0248651,0.00828835,0.0248651,0.00828835,0.0248651,0.00828835,0.0248651,0.00828835
275,90861.3,2.68181,1.4235,0.00485,0.82072,0.58119,0.64922,0.34487,2.38554,1.2332,0.00594,0.0248297,0.00827658,0.0248297,0.00827658,0.0248297,0.00827658,0.0248297,0.00827658
276,91187.3,2.68457,1.4236,0.00487,0.82219,0.58064,0.6492,0.34482,2.38538,1.23381,0.00594,0.0247943,0.00826477,0.0247943,0.00826477,0.0247943,0.00826477,0.0247943,0.00826477
277,91513,2.69672,1.42426,0.00487,0.82264,0.57996,0.64898,0.34462,2.38604,1.23352,0.00594,0.0247588,0.00825293,0.0247588,0.00825293,0.0247588,0.00825293,0.0247588,0.00825293
278,91838.4,2.69002,1.41635,0.00486,0.82274,0.57998,0.64892,0.3446,2.38595,1.23399,0.00594,0.0247232,0.00824105,0.0247232,0.00824105,0.0247232,0.00824105,0.0247232,0.00824105
279,92167.8,2.70969,1.43756,0.0048,0.82318,0.57988,0.64901,0.34466,2.38542,1.23372,0.00594,0.0246875,0.00822915,0.0246875,0.00822915,0.0246875,0.00822915,0.0246875,0.00822915
280,92497.9,2.68823,1.42983,0.00487,0.82254,0.58059,0.64897,0.34464,2.38599,1.23445,0.00594,0.0246516,0.00821722,0.0246516,0.00821722,0.0246516,0.00821722,0.0246516,0.00821722
281,92829.5,2.71036,1.43434,0.00485,0.8233,0.58052,0.64913,0.34476,2.38525,1.23535,0.00593,0.0246157,0.00820525,0.0246157,0.00820525,0.0246157,0.00820525,0.0246157,0.00820525
282,93156.2,2.68919,1.41697,0.00489,0.82341,0.58044,0.6492,0.34461,2.3852,1.2362,0.00593,0.0245798,0.00819325,0.0245798,0.00819325,0.0245798,0.00819325,0.0245798,0.00819325
283,93481.9,2.69953,1.43086,0.00487,0.82211,0.58095,0.64902,0.34463,2.38536,1.23565,0.00594,0.0245437,0.00818122,0.0245437,0.00818122,0.0245437,0.00818122,0.0245437,0.00818122
284,93809,2.69859,1.42407,0.0048,0.82232,0.58108,0.64931,0.34479,2.3853,1.23441,0.00594,0.0245075,0.00816916,0.0245075,0.00816916,0.0245075,0.00816916,0.0245075,0.00816916
285,94136.2,2.68292,1.41832,0.00483,0.82307,0.58032,0.64936,0.34502,2.38474,1.23505,0.00594,0.0244712,0.00815707,0.0244712,0.00815707,0.0244712,0.00815707,0.0244712,0.00815707
286,94461.6,2.68966,1.4198,0.00482,0.82284,0.58064,0.64939,0.34489,2.38545,1.23491,0.00594,0.0244349,0.00814495,0.0244349,0.00814495,0.0244349,0.00814495,0.0244349,0.00814495
287,94786.8,2.68387,1.41584,0.00484,0.82264,0.58085,0.64951,0.34495,2.38516,1.23512,0.00594,0.0243984,0.0081328,0.0243984,0.0081328,0.0243984,0.0081328,0.0243984,0.0081328
288,95113.9,2.67975,1.41019,0.00482,0.82208,0.58086,0.64935,0.34481,2.38517,1.23557,0.00594,0.0243619,0.00812062,0.0243619,0.00812062,0.0243619,0.00812062,0.0243619,0.00812062
289,95441.4,2.70851,1.43249,0.00479,0.82232,0.58044,0.64925,0.34479,2.38526,1.2355,0.00594,0.0243252,0.00810841,0.0243252,0.00810841,0.0243252,0.00810841,0.0243252,0.00810841
290,95766.4,2.69932,1.42829,0.00483,0.82331,0.58076,0.6493,0.3448,2.38481,1.23546,0.00594,0.0242885,0.00809616,0.0242885,0.00809616,0.0242885,0.00809616,0.0242885,0.00809616
291,96092.6,2.69113,1.4389,0.00491,0.82174,0.58065,0.64915,0.34457,2.38567,1.23494,0.00594,0.0242517,0.00808389,0.0242517,0.00808389,0.0242517,0.00808389,0.0242517,0.00808389
292,96418.8,2.69996,1.43287,0.00488,0.82235,0.58066,0.64943,0.34468,2.38478,1.23557,0.00594,0.0242148,0.00807159,0.0242148,0.00807159,0.0242148,0.00807159,0.0242148,0.00807159
293,96746.2,2.69879,1.41962,0.00477,0.82253,0.58059,0.64944,0.34493,2.38491,1.23521,0.00594,0.0241778,0.00805925,0.0241778,0.00805925,0.0241778,0.00805925,0.0241778,0.00805925
294,97073.9,2.70141,1.41523,0.00481,0.82236,0.5809,0.64938,0.34496,2.38552,1.23503,0.00594,0.0241407,0.00804689,0.0241407,0.00804689,0.0241407,0.00804689,0.0241407,0.00804689
295,97401.1,2.65861,1.41437,0.00489,0.82187,0.58086,0.64951,0.34529,2.38526,1.2349,0.00594,0.0241035,0.0080345,0.0241035,0.0080345,0.0241035,0.0080345,0.0241035,0.0080345
296,97729.1,2.68121,1.41654,0.0048,0.82211,0.58056,0.6496,0.34492,2.38548,1.23465,0.00594,0.0240662,0.00802208,0.0240662,0.00802208,0.0240662,0.00802208,0.0240662,0.00802208
297,98057.5,2.69561,1.43719,0.00481,0.82219,0.58051,0.64967,0.34477,2.38573,1.23447,0.00594,0.0240289,0.00800963,0.0240289,0.00800963,0.0240289,0.00800963,0.0240289,0.00800963
298,98390.6,2.68882,1.42712,0.00485,0.82209,0.58046,0.6496,0.34494,2.38598,1.23488,0.00594,0.0239915,0.00799715,0.0239915,0.00799715,0.0239915,0.00799715,0.0239915,0.00799715
299,98721.8,2.69164,1.4381,0.00484,0.82231,0.58035,0.64958,0.34499,2.38612,1.23497,0.00594,0.0239539,0.00798464,0.0239539,0.00798464,0.0239539,0.00798464,0.0239539,0.00798464
300,99049,2.68416,1.42091,0.0048,0.82256,0.57995,0.64952,0.34501,2.38588,1.23545,0.00593,0.0239163,0.0079721,0.0239163,0.0079721,0.0239163,0.0079721,0.0239163,0.0079721
301,99376.1,2.70103,1.41722,0.00482,0.82191,0.58086,0.64967,0.34512,2.38516,1.23586,0.00593,0.0238786,0.00795954,0.0238786,0.00795954,0.0238786,0.00795954,0.0238786,0.00795954
302,99702.4,2.69861,1.43133,0.00484,0.82043,0.58091,0.64958,0.34502,2.38573,1.23641,0.00594,0.0238408,0.00794694,0.0238408,0.00794694,0.0238408,0.00794694,0.0238408,0.00794694
303,100030,2.68799,1.41486,0.00484,0.82201,0.58049,0.64978,0.34494,2.38677,1.23473,0.00594,0.023803,0.00793432,0.023803,0.00793432,0.023803,0.00793432,0.023803,0.00793432
304,100357,2.68137,1.42835,0.00485,0.82163,0.58089,0.64975,0.34522,2.38691,1.23409,0.00594,0.023765,0.00792167,0.023765,0.00792167,0.023765,0.00792167,0.023765,0.00792167
305,100684,2.68638,1.41889,0.00485,0.8219,0.58044,0.64948,0.34516,2.38661,1.23438,0.00594,0.023727,0.00790898,0.023727,0.00790898,0.023727,0.00790898,0.023727,0.00790898
306,101010,2.66738,1.41964,0.00483,0.82122,0.58068,0.64945,0.34479,2.38694,1.23373,0.00594,0.0236888,0.00789628,0.0236888,0.00789628,0.0236888,0.00789628,0.0236888,0.00789628
307,101337,2.69691,1.4223,0.00483,0.82189,0.57978,0.6492,0.34471,2.38658,1.23382,0.00594,0.0236506,0.00788354,0.0236506,0.00788354,0.0236506,0.00788354,0.0236506,0.00788354
308,101665,2.68791,1.43213,0.0048,0.82127,0.57992,0.64926,0.34484,2.38589,1.23435,0.00594,0.0236123,0.00787077,0.0236123,0.00787077,0.0236123,0.00787077,0.0236123,0.00787077
309,101993,2.68731,1.4197,0.00487,0.82105,0.58044,0.64938,0.34476,2.38579,1.23505,0.00594,0.0235739,0.00785798,0.0235739,0.00785798,0.0235739,0.00785798,0.0235739,0.00785798
310,102432,2.70649,1.42782,0.00481,0.82126,0.58071,0.64944,0.34479,2.38582,1.23467,0.00594,0.0235355,0.00784516,0.0235355,0.00784516,0.0235355,0.00784516,0.0235355,0.00784516
311,102763,2.68135,1.41525,0.00482,0.82054,0.58119,0.64946,0.34481,2.38633,1.23466,0.00594,0.0234969,0.00783231,0.0234969,0.00783231,0.0234969,0.00783231,0.0234969,0.00783231
312,103094,2.69138,1.42324,0.00479,0.81984,0.58132,0.64963,0.34485,2.38658,1.23422,0.00594,0.0234583,0.00781944,0.0234583,0.00781944,0.0234583,0.00781944,0.0234583,0.00781944
313,103425,2.69373,1.42972,0.00481,0.82,0.58071,0.64938,0.34499,2.38624,1.23475,0.00594,0.0234196,0.00780653,0.0234196,0.00780653,0.0234196,0.00780653,0.0234196,0.00780653
314,103753,2.68068,1.42007,0.00485,0.82047,0.58081,0.64948,0.34485,2.38489,1.23619,0.00594,0.0233808,0.0077936,0.0233808,0.0077936,0.0233808,0.0077936,0.0233808,0.0077936
315,104078,2.67462,1.41712,0.00479,0.81991,0.58056,0.6493,0.34533,2.38476,1.23604,0.00594,0.0233419,0.00778065,0.0233419,0.00778065,0.0233419,0.00778065,0.0233419,0.00778065
316,104404,2.66783,1.4102,0.00486,0.81952,0.58064,0.64915,0.34491,2.38527,1.23614,0.00594,0.023303,0.00776766,0.023303,0.00776766,0.023303,0.00776766,0.023303,0.00776766
317,104730,2.68185,1.40996,0.00479,0.81942,0.58059,0.64897,0.34517,2.38457,1.2361,0.00594,0.023264,0.00775465,0.023264,0.00775465,0.023264,0.00775465,0.023264,0.00775465
318,105055,2.66468,1.4126,0.00488,0.81867,0.58154,0.64923,0.3453,2.38417,1.23594,0.00594,0.0232248,0.00774161,0.0232248,0.00774161,0.0232248,0.00774161,0.0232248,0.00774161
319,105382,2.70234,1.4179,0.00484,0.81992,0.58117,0.64914,0.34532,2.38432,1.23524,0.00594,0.0231857,0.00772855,0.0231857,0.00772855,0.0231857,0.00772855,0.0231857,0.00772855
320,105707,2.69257,1.42462,0.00484,0.82005,0.58099,0.64934,0.34558,2.38508,1.23501,0.00594,0.0231464,0.00771546,0.0231464,0.00771546,0.0231464,0.00771546,0.0231464,0.00771546
321,106033,2.67922,1.41402,0.00478,0.81961,0.5819,0.64984,0.3456,2.38423,1.23442,0.00593,0.023107,0.00770234,0.023107,0.00770234,0.023107,0.00770234,0.023107,0.00770234
322,106360,2.66401,1.41894,0.00484,0.82,0.58185,0.64977,0.3454,2.3847,1.23429,0.00594,0.0230676,0.0076892,0.0230676,0.0076892,0.0230676,0.0076892,0.0230676,0.0076892
323,106688,2.69444,1.43374,0.00479,0.82157,0.58109,0.64975,0.34556,2.38425,1.23408,0.00593,0.0230281,0.00767603,0.0230281,0.00767603,0.0230281,0.00767603,0.0230281,0.00767603
324,107016,2.69524,1.43353,0.00485,0.82172,0.58136,0.64986,0.34596,2.38364,1.23448,0.00593,0.0229885,0.00766284,0.0229885,0.00766284,0.0229885,0.00766284,0.0229885,0.00766284
325,107342,2.68336,1.43013,0.00486,0.8218,0.58097,0.6497,0.34586,2.38391,1.23487,0.00593,0.0229488,0.00764961,0.0229488,0.00764961,0.0229488,0.00764961,0.0229488,0.00764961
326,107668,2.67258,1.41501,0.00484,0.82047,0.5816,0.64971,0.34585,2.38423,1.23441,0.00593,0.0229091,0.00763637,0.0229091,0.00763637,0.0229091,0.00763637,0.0229091,0.00763637
327,107995,2.66775,1.4122,0.00478,0.82158,0.58147,0.6498,0.34582,2.38436,1.23398,0.00594,0.0228693,0.0076231,0.0228693,0.0076231,0.0228693,0.0076231,0.0228693,0.0076231
328,108323,2.68894,1.42693,0.00476,0.82159,0.58165,0.6498,0.34556,2.38451,1.23313,0.00594,0.0228294,0.0076098,0.0228294,0.0076098,0.0228294,0.0076098,0.0228294,0.0076098
329,108649,2.68112,1.42213,0.00479,0.82262,0.58142,0.64977,0.34568,2.38376,1.23331,0.00594,0.0227894,0.00759648,0.0227894,0.00759648,0.0227894,0.00759648,0.0227894,0.00759648
330,108980,2.68969,1.41663,0.0048,0.82192,0.58119,0.64951,0.3456,2.38359,1.23432,0.00594,0.0227494,0.00758313,0.0227494,0.00758313,0.0227494,0.00758313,0.0227494,0.00758313
331,109307,2.68531,1.41773,0.0048,0.82267,0.58091,0.64955,0.34548,2.38351,1.23492,0.00594,0.0227093,0.00756976,0.0227093,0.00756976,0.0227093,0.00756976,0.0227093,0.00756976
332,109632,2.6609,1.40319,0.00479,0.8218,0.58142,0.64951,0.34536,2.38357,1.23557,0.00593,0.0226691,0.00755636,0.0226691,0.00755636,0.0226691,0.00755636,0.0226691,0.00755636
333,109958,2.68679,1.42572,0.00479,0.82204,0.58132,0.64939,0.34519,2.38397,1.23623,0.00593,0.0226288,0.00754293,0.0226288,0.00754293,0.0226288,0.00754293,0.0226288,0.00754293
334,110285,2.67751,1.41085,0.00479,0.82243,0.58064,0.64927,0.34518,2.38388,1.23576,0.00593,0.0225885,0.00752949,0.0225885,0.00752949,0.0225885,0.00752949,0.0225885,0.00752949
335,110611,2.65257,1.39767,0.0048,0.82149,0.5816,0.64934,0.3452,2.38405,1.23592,0.00593,0.022548,0.00751602,0.022548,0.00751602,0.022548,0.00751602,0.022548,0.00751602
336,110937,2.65559,1.41157,0.00478,0.82263,0.58078,0.649,0.34518,2.38458,1.23605,0.00593,0.0225076,0.00750252,0.0225076,0.00750252,0.0225076,0.00750252,0.0225076,0.00750252
337,111264,2.69356,1.41859,0.00481,0.8223,0.58081,0.64861,0.34529,2.38345,1.2362,0.00593,0.022467,0.007489,0.022467,0.007489,0.022467,0.007489,0.022467,0.007489
338,111592,2.65809,1.38989,0.00477,0.8228,0.58071,0.64881,0.34527,2.38352,1.237,0.00593,0.0224264,0.00747546,0.0224264,0.00747546,0.0224264,0.00747546,0.0224264,0.00747546
339,111920,2.67802,1.41948,0.00476,0.8233,0.58078,0.64881,0.34529,2.38337,1.23661,0.00593,0.0223857,0.00746189,0.0223857,0.00746189,0.0223857,0.00746189,0.0223857,0.00746189
340,112249,2.67952,1.4121,0.00481,0.82427,0.57988,0.64862,0.34536,2.38331,1.23706,0.00593,0.0223449,0.0074483,0.0223449,0.0074483,0.0223449,0.0074483,0.0223449,0.0074483
341,112577,2.68247,1.40822,0.0048,0.82362,0.58036,0.64874,0.34526,2.38318,1.23765,0.00593,0.022304,0.00743468,0.022304,0.00743468,0.022304,0.00743468,0.022304,0.00743468
342,112903,2.67643,1.41085,0.00476,0.82344,0.58034,0.64858,0.34559,2.38338,1.23685,0.00593,0.0222631,0.00742104,0.0222631,0.00742104,0.0222631,0.00742104,0.0222631,0.00742104
343,113232,2.69003,1.41705,0.00481,0.82153,0.58098,0.64856,0.3452,2.38359,1.23722,0.00593,0.0222221,0.00740738,0.0222221,0.00740738,0.0222221,0.00740738,0.0222221,0.00740738
344,113559,2.66397,1.40251,0.00478,0.82232,0.58056,0.64843,0.34518,2.38404,1.23656,0.00593,0.0221811,0.00739369,0.0221811,0.00739369,0.0221811,0.00739369,0.0221811,0.00739369
345,113887,2.67758,1.41563,0.00476,0.82258,0.58031,0.64853,0.34522,2.3839,1.23683,0.00593,0.02214,0.00737998,0.02214,0.00737998,0.02214,0.00737998,0.02214,0.00737998
346,114214,2.67441,1.42325,0.00479,0.82218,0.58005,0.64851,0.34529,2.38336,1.23648,0.00594,0.0220988,0.00736625,0.0220988,0.00736625,0.0220988,0.00736625,0.0220988,0.00736625
347,114541,2.65389,1.40687,0.00484,0.8224,0.57987,0.64795,0.34534,2.38346,1.23815,0.00594,0.0220575,0.0073525,0.0220575,0.0073525,0.0220575,0.0073525,0.0220575,0.0073525
348,114870,2.67758,1.4086,0.00477,0.82146,0.58086,0.64815,0.34503,2.38342,1.23778,0.00594,0.0220162,0.00733872,0.0220162,0.00733872,0.0220162,0.00733872,0.0220162,0.00733872
349,115195,2.66856,1.41391,0.00481,0.82013,0.58109,0.64803,0.34507,2.38321,1.23682,0.00593,0.0219748,0.00732492,0.0219748,0.00732492,0.0219748,0.00732492,0.0219748,0.00732492
350,115524,2.68348,1.42077,0.00476,0.82122,0.58064,0.64807,0.34515,2.38218,1.23742,0.00593,0.0219333,0.0073111,0.0219333,0.0073111,0.0219333,0.0073111,0.0219333,0.0073111
351,115848,2.65437,1.40427,0.00475,0.82102,0.58041,0.64788,0.34515,2.38254,1.23764,0.00593,0.0218918,0.00729725,0.0218918,0.00729725,0.0218918,0.00729725,0.0218918,0.00729725
352,116176,2.67629,1.41261,0.00478,0.82022,0.58074,0.64789,0.34522,2.38224,1.23772,0.00593,0.0218502,0.00728339,0.0218502,0.00728339,0.0218502,0.00728339,0.0218502,0.00728339
353,116502,2.66844,1.39447,0.00475,0.82109,0.58081,0.64805,0.34536,2.38154,1.23723,0.00593,0.0218085,0.0072695,0.0218085,0.0072695,0.0218085,0.0072695,0.0218085,0.0072695
354,116828,2.66318,1.40624,0.00477,0.82155,0.58044,0.6481,0.3454,2.38098,1.23805,0.00593,0.0217668,0.00725559,0.0217668,0.00725559,0.0217668,0.00725559,0.0217668,0.00725559
355,117154,2.67514,1.40825,0.00479,0.82116,0.58006,0.64809,0.34547,2.38143,1.23736,0.00593,0.021725,0.00724165,0.021725,0.00724165,0.021725,0.00724165,0.021725,0.00724165
356,117482,2.67832,1.41404,0.00483,0.82159,0.58013,0.64809,0.3453,2.38167,1.23731,0.00594,0.0216831,0.0072277,0.0216831,0.0072277,0.0216831,0.0072277,0.0216831,0.0072277
357,117809,2.67206,1.41133,0.0048,0.82163,0.58008,0.64797,0.34525,2.38148,1.23754,0.00593,0.0216412,0.00721372,0.0216412,0.00721372,0.0216412,0.00721372,0.0216412,0.00721372
358,118136,2.68814,1.42179,0.00478,0.82187,0.58035,0.64812,0.34505,2.38103,1.23877,0.00593,0.0215992,0.00719973,0.0215992,0.00719973,0.0215992,0.00719973,0.0215992,0.00719973
359,118466,2.70508,1.41817,0.00473,0.82134,0.58089,0.64835,0.34518,2.38106,1.23776,0.00593,0.0215571,0.00718571,0.0215571,0.00718571,0.0215571,0.00718571,0.0215571,0.00718571
360,118793,2.67719,1.41181,0.00474,0.82216,0.58064,0.64854,0.34519,2.38089,1.23765,0.00593,0.021515,0.00717167,0.021515,0.00717167,0.021515,0.00717167,0.021515,0.00717167
361,119119,2.67346,1.40131,0.00479,0.82323,0.57996,0.64846,0.34568,2.38105,1.23728,0.00592,0.0214728,0.00715761,0.0214728,0.00715761,0.0214728,0.00715761,0.0214728,0.00715761
362,119446,2.66945,1.39003,0.00477,0.82392,0.57984,0.64865,0.34574,2.38051,1.23689,0.00592,0.0214306,0.00714353,0.0214306,0.00714353,0.0214306,0.00714353,0.0214306,0.00714353
363,119773,2.67158,1.4001,0.00475,0.82324,0.58026,0.64854,0.34528,2.38057,1.23702,0.00592,0.0213883,0.00712942,0.0213883,0.00712942,0.0213883,0.00712942,0.0213883,0.00712942
364,120099,2.66211,1.40479,0.00472,0.82448,0.57984,0.64865,0.34559,2.38155,1.23678,0.00593,0.0213459,0.0071153,0.0213459,0.0071153,0.0213459,0.0071153,0.0213459,0.0071153
365,120426,2.66518,1.40567,0.00477,0.82453,0.58011,0.64885,0.34585,2.3807,1.2361,0.00593,0.0213035,0.00710116,0.0213035,0.00710116,0.0213035,0.00710116,0.0213035,0.00710116
366,120753,2.66022,1.39759,0.00474,0.8247,0.57999,0.64884,0.34549,2.38098,1.23568,0.00593,0.021261,0.007087,0.021261,0.007087,0.021261,0.007087,0.021261,0.007087
367,121082,2.67221,1.40589,0.00478,0.82485,0.58008,0.649,0.34557,2.3806,1.23499,0.00593,0.0212184,0.00707281,0.0212184,0.00707281,0.0212184,0.00707281,0.0212184,0.00707281
368,121410,2.65689,1.40257,0.00479,0.82394,0.58034,0.64892,0.34536,2.38009,1.23601,0.00593,0.0211758,0.00705861,0.0211758,0.00705861,0.0211758,0.00705861,0.0211758,0.00705861
369,121739,2.68061,1.41519,0.00473,0.82304,0.58049,0.64912,0.34521,2.37988,1.23635,0.00593,0.0211332,0.00704439,0.0211332,0.00704439,0.0211332,0.00704439,0.0211332,0.00704439
370,122066,2.67152,1.40645,0.00477,0.82424,0.58021,0.64914,0.34527,2.37989,1.23619,0.00593,0.0210904,0.00703014,0.0210904,0.00703014,0.0210904,0.00703014,0.0210904,0.00703014
371,122394,2.66971,1.3943,0.00476,0.82402,0.58035,0.64911,0.34543,2.37989,1.236,0.00593,0.0210476,0.00701588,0.0210476,0.00701588,0.0210476,0.00701588,0.0210476,0.00701588
372,122720,2.66313,1.39311,0.00478,0.82423,0.58041,0.64894,0.34534,2.38029,1.23507,0.00593,0.0210048,0.0070016,0.0210048,0.0070016,0.0210048,0.0070016,0.0210048,0.0070016
373,123047,2.66215,1.39912,0.00475,0.82339,0.58109,0.64912,0.34557,2.38021,1.23519,0.00593,0.0209619,0.0069873,0.0209619,0.0069873,0.0209619,0.0069873,0.0209619,0.0069873
374,123374,2.66657,1.40735,0.0048,0.82308,0.58093,0.64921,0.3456,2.38013,1.23537,0.00593,0.0209189,0.00697298,0.0209189,0.00697298,0.0209189,0.00697298,0.0209189,0.00697298
375,123700,2.65834,1.39759,0.00472,0.82322,0.58103,0.64894,0.3456,2.38009,1.23507,0.00593,0.0208759,0.00695864,0.0208759,0.00695864,0.0208759,0.00695864,0.0208759,0.00695864
376,124028,2.67664,1.4199,0.00478,0.8232,0.58162,0.64947,0.34601,2.37998,1.2347,0.00593,0.0208328,0.00694428,0.0208328,0.00694428,0.0208328,0.00694428,0.0208328,0.00694428
377,124354,2.6455,1.39339,0.00477,0.82322,0.58128,0.64913,0.34569,2.38015,1.23542,0.00593,0.0207897,0.00692991,0.0207897,0.00692991,0.0207897,0.00692991,0.0207897,0.00692991
378,124683,2.66483,1.40092,0.00478,0.82304,0.58144,0.64917,0.34579,2.37989,1.23487,0.00593,0.0207465,0.00691551,0.0207465,0.00691551,0.0207465,0.00691551,0.0207465,0.00691551
379,125009,2.6706,1.4007,0.00473,0.82424,0.58119,0.64929,0.34582,2.37985,1.23443,0.00593,0.0207033,0.0069011,0.0207033,0.0069011,0.0207033,0.0069011,0.0207033,0.0069011
380,125337,2.66534,1.40506,0.00474,0.82417,0.58118,0.64929,0.34572,2.38025,1.23508,0.00593,0.02066,0.00688667,0.02066,0.00688667,0.02066,0.00688667,0.02066,0.00688667
381,125666,2.66333,1.40067,0.00472,0.82532,0.58047,0.64928,0.34573,2.37973,1.23532,0.00593,0.0206166,0.00687222,0.0206166,0.00687222,0.0206166,0.00687222,0.0206166,0.00687222
382,125992,2.6555,1.40064,0.00473,0.82407,0.58093,0.64929,0.34554,2.37962,1.23533,0.00593,0.0205732,0.00685775,0.0205732,0.00685775,0.0205732,0.00685775,0.0205732,0.00685775
383,126325,2.66887,1.39367,0.00474,0.82395,0.58097,0.6491,0.34554,2.38007,1.235,0.00593,0.0205298,0.00684326,0.0205298,0.00684326,0.0205298,0.00684326,0.0205298,0.00684326
384,126652,2.66093,1.40276,0.00473,0.82714,0.57971,0.64906,0.34564,2.38004,1.2351,0.00593,0.0204863,0.00682876,0.0204863,0.00682876,0.0204863,0.00682876,0.0204863,0.00682876
385,126979,2.64914,1.39472,0.00473,0.82545,0.58044,0.64936,0.34563,2.38013,1.23415,0.00593,0.0204427,0.00681424,0.0204427,0.00681424,0.0204427,0.00681424,0.0204427,0.00681424
386,127306,2.66654,1.4111,0.00471,0.82565,0.58049,0.64958,0.34569,2.38001,1.23378,0.00593,0.0203991,0.0067997,0.0203991,0.0067997,0.0203991,0.0067997,0.0203991,0.0067997
387,127633,2.65029,1.3922,0.00479,0.82534,0.58084,0.64972,0.3457,2.38011,1.23346,0.00593,0.0203554,0.00678514,0.0203554,0.00678514,0.0203554,0.00678514,0.0203554,0.00678514
388,127965,2.66706,1.40184,0.00475,0.8261,0.58069,0.64972,0.34554,2.38046,1.2339,0.00593,0.0203117,0.00677057,0.0203117,0.00677057,0.0203117,0.00677057,0.0203117,0.00677057
389,133744,2.64839,1.38834,0.00471,0.82685,0.58144,0.6499,0.34597,2.37978,1.23423,0.00592,0.0202679,0.00675598,0.0202679,0.00675598,0.0202679,0.00675598,0.0202679,0.00675598
390,144111,2.65719,1.40825,0.00472,0.82766,0.58112,0.65022,0.34593,2.37986,1.23388,0.00592,0.0202241,0.00674138,0.0202241,0.00674138,0.0202241,0.00674138,0.0202241,0.00674138
391,144455,2.64605,1.39809,0.00474,0.82757,0.58147,0.65044,0.34597,2.38068,1.23294,0.00593,0.0201803,0.00672675,0.0201803,0.00672675,0.0201803,0.00672675,0.0201803,0.00672675
392,144794,2.66521,1.40366,0.00478,0.82829,0.58074,0.65042,0.34604,2.3796,1.23374,0.00593,0.0201363,0.00671211,0.0201363,0.00671211,0.0201363,0.00671211,0.0201363,0.00671211
393,145127,2.65283,1.39392,0.00475,0.82747,0.58115,0.65039,0.34605,2.38006,1.23249,0.00593,0.0200924,0.00669746,0.0200924,0.00669746,0.0200924,0.00669746,0.0200924,0.00669746
394,145458,2.6554,1.39124,0.00471,0.8273,0.58099,0.65027,0.34608,2.38014,1.23197,0.00593,0.0200484,0.00668278,0.0200484,0.00668278,0.0200484,0.00668278,0.0200484,0.00668278
395,145791,2.66772,1.39903,0.0047,0.82722,0.58066,0.65029,0.34576,2.37977,1.23263,0.00593,0.0200043,0.0066681,0.0200043,0.0066681,0.0200043,0.0066681,0.0200043,0.0066681
396,146122,2.66077,1.39045,0.00468,0.82601,0.58117,0.65031,0.34624,2.37966,1.23221,0.00593,0.0199602,0.00665339,0.0199602,0.00665339,0.0199602,0.00665339,0.0199602,0.00665339
397,146458,2.67092,1.40252,0.00471,0.82571,0.5811,0.65032,0.34584,2.37883,1.2333,0.00593,0.019916,0.00663867,0.019916,0.00663867,0.019916,0.00663867,0.019916,0.00663867
398,146897,2.6436,1.38551,0.0047,0.8256,0.58081,0.65021,0.34587,2.37927,1.23324,0.00593,0.0198718,0.00662393,0.0198718,0.00662393,0.0198718,0.00662393,0.0198718,0.00662393
399,147383,2.65161,1.39934,0.00468,0.82666,0.58052,0.65047,0.34592,2.37936,1.23256,0.00593,0.0198275,0.00660918,0.0198275,0.00660918,0.0198275,0.00660918,0.0198275,0.00660918
400,147839,2.65256,1.38039,0.00472,0.82597,0.58122,0.65066,0.3462,2.3793,1.23223,0.00593,0.0197832,0.00659442,0.0197832,0.00659442,0.0197832,0.00659442,0.0197832,0.00659442
401,148174,2.65942,1.39187,0.00473,0.82735,0.5808,0.65076,0.3461,2.37947,1.23285,0.00592,0.0197389,0.00657963,0.0197389,0.00657963,0.0197389,0.00657963,0.0197389,0.00657963
402,148517,2.64761,1.3906,0.00476,0.82646,0.58154,0.65078,0.34595,2.37901,1.23265,0.00592,0.0196945,0.00656484,0.0196945,0.00656484,0.0196945,0.00656484,0.0196945,0.00656484
403,148857,2.63858,1.3931,0.00474,0.82528,0.58142,0.65033,0.34581,2.37861,1.23474,0.00592,0.0196501,0.00655002,0.0196501,0.00655002,0.0196501,0.00655002,0.0196501,0.00655002
404,149190,2.64898,1.38193,0.00472,0.82563,0.58115,0.6503,0.3459,2.37906,1.23355,0.00592,0.0196056,0.0065352,0.0196056,0.0065352,0.0196056,0.0065352,0.0196056,0.0065352
405,149524,2.64292,1.39467,0.00474,0.82456,0.58181,0.65029,0.34618,2.37951,1.23318,0.00593,0.0195611,0.00652036,0.0195611,0.00652036,0.0195611,0.00652036,0.0195611,0.00652036
406,149854,2.64963,1.40023,0.0047,0.82554,0.5816,0.65049,0.34613,2.37954,1.23366,0.00592,0.0195165,0.0065055,0.0195165,0.0065055,0.0195165,0.0065055,0.0195165,0.0065055
407,150181,2.63812,1.37666,0.00473,0.82592,0.58135,0.65035,0.34591,2.37967,1.23285,0.00593,0.0194719,0.00649063,0.0194719,0.00649063,0.0194719,0.00649063,0.0194719,0.00649063
408,151515,2.65902,1.40453,0.00471,0.82514,0.5817,0.65026,0.34587,2.38008,1.23284,0.00593,0.0194272,0.00647574,0.0194272,0.00647574,0.0194272,0.00647574,0.0194272,0.00647574
409,151887,2.66185,1.39743,0.00469,0.82693,0.58091,0.65047,0.34592,2.37948,1.23405,0.00592,0.0193825,0.00646085,0.0193825,0.00646085,0.0193825,0.00646085,0.0193825,0.00646085
410,152216,2.64269,1.37609,0.0047,0.82533,0.58165,0.65046,0.3462,2.37991,1.2333,0.00593,0.0193378,0.00644593,0.0193378,0.00644593,0.0193378,0.00644593,0.0193378,0.00644593
411,152545,2.64314,1.39673,0.00465,0.82503,0.58155,0.65059,0.34628,2.37897,1.2339,0.00592,0.019293,0.00643101,0.019293,0.00643101,0.019293,0.00643101,0.019293,0.00643101
412,152874,2.63261,1.37753,0.0047,0.82444,0.58137,0.65049,0.34608,2.37949,1.23436,0.00592,0.0192482,0.00641607,0.0192482,0.00641607,0.0192482,0.00641607,0.0192482,0.00641607
413,153203,2.64742,1.40446,0.00466,0.82373,0.58185,0.6505,0.34597,2.37947,1.23505,0.00592,0.0192033,0.00640111,0.0192033,0.00640111,0.0192033,0.00640111,0.0192033,0.00640111
414,153531,2.64906,1.39014,0.00468,0.8243,0.58148,0.65057,0.34592,2.37929,1.23382,0.00592,0.0191584,0.00638615,0.0191584,0.00638615,0.0191584,0.00638615,0.0191584,0.00638615
415,153862,2.66853,1.40998,0.00469,0.82413,0.5817,0.65073,0.34586,2.37937,1.23452,0.00593,0.0191135,0.00637116,0.0191135,0.00637116,0.0191135,0.00637116,0.0191135,0.00637116
416,154193,2.65762,1.39917,0.00468,0.8254,0.58122,0.65058,0.34603,2.37895,1.2348,0.00593,0.0190685,0.00635617,0.0190685,0.00635617,0.0190685,0.00635617,0.0190685,0.00635617
417,154523,2.64421,1.39271,0.00466,0.82476,0.58127,0.65064,0.34611,2.37964,1.23389,0.00593,0.0190235,0.00634117,0.0190235,0.00634117,0.0190235,0.00634117,0.0190235,0.00634117
418,154852,2.64873,1.40026,0.00469,0.82364,0.5816,0.6505,0.34608,2.37923,1.23445,0.00593,0.0189784,0.00632615,0.0189784,0.00632615,0.0189784,0.00632615,0.0189784,0.00632615
419,155182,2.625,1.38049,0.00461,0.82504,0.58129,0.65049,0.3463,2.37949,1.23318,0.00593,0.0189333,0.00631112,0.0189333,0.00631112,0.0189333,0.00631112,0.0189333,0.00631112
420,155514,2.63965,1.37853,0.00468,0.82281,0.58147,0.65029,0.34618,2.37949,1.23286,0.00593,0.0188882,0.00629607,0.0188882,0.00629607,0.0188882,0.00629607,0.0188882,0.00629607
421,155846,2.64953,1.38582,0.00462,0.82463,0.58092,0.65037,0.34631,2.37938,1.23287,0.00593,0.018843,0.00628101,0.018843,0.00628101,0.018843,0.00628101,0.018843,0.00628101
422,156180,2.64252,1.39753,0.00472,0.82614,0.58019,0.65034,0.34614,2.3793,1.23368,0.00593,0.0187978,0.00626595,0.0187978,0.00626595,0.0187978,0.00626595,0.0187978,0.00626595
423,156509,2.62034,1.37378,0.00469,0.82426,0.58054,0.65027,0.3461,2.37999,1.2332,0.00593,0.0187526,0.00625087,0.0187526,0.00625087,0.0187526,0.00625087,0.0187526,0.00625087
424,156840,2.64715,1.38206,0.00466,0.82573,0.58039,0.65049,0.34618,2.38033,1.23293,0.00593,0.0187073,0.00623577,0.0187073,0.00623577,0.0187073,0.00623577,0.0187073,0.00623577
425,157172,2.64945,1.38707,0.00466,0.82528,0.58054,0.65052,0.34597,2.3808,1.23379,0.00593,0.018662,0.00622067,0.018662,0.00622067,0.018662,0.00622067,0.018662,0.00622067
426,157511,2.64831,1.39273,0.0047,0.82542,0.58044,0.65047,0.34612,2.38055,1.23434,0.00593,0.0186167,0.00620555,0.0186167,0.00620555,0.0186167,0.00620555,0.0186167,0.00620555
427,157840,2.65607,1.39897,0.00463,0.82492,0.58056,0.65058,0.34642,2.38041,1.23391,0.00593,0.0185713,0.00619043,0.0185713,0.00619043,0.0185713,0.00619043,0.0185713,0.00619043
428,158171,2.63719,1.38593,0.00468,0.82324,0.58054,0.65045,0.34609,2.38038,1.23427,0.00593,0.0185259,0.00617529,0.0185259,0.00617529,0.0185259,0.00617529,0.0185259,0.00617529
429,158501,2.62895,1.37822,0.00466,0.82315,0.58123,0.65067,0.34631,2.38017,1.23366,0.00593,0.0184804,0.00616014,0.0184804,0.00616014,0.0184804,0.00616014,0.0184804,0.00616014
430,158833,2.64216,1.39398,0.00469,0.82321,0.58087,0.65057,0.3464,2.37927,1.23552,0.00593,0.0184349,0.00614498,0.0184349,0.00614498,0.0184349,0.00614498,0.0184349,0.00614498
431,159164,2.65644,1.38823,0.00468,0.82251,0.58175,0.65086,0.34611,2.37933,1.23494,0.00593,0.0183894,0.00612981,0.0183894,0.00612981,0.0183894,0.00612981,0.0183894,0.00612981
432,159495,2.65432,1.3909,0.00461,0.82232,0.58217,0.65111,0.34614,2.38011,1.23447,0.00593,0.0183439,0.00611463,0.0183439,0.00611463,0.0183439,0.00611463,0.0183439,0.00611463
433,159826,2.6407,1.38276,0.00464,0.82215,0.58233,0.65119,0.34627,2.38053,1.23387,0.00594,0.0182983,0.00609944,0.0182983,0.00609944,0.0182983,0.00609944,0.0182983,0.00609944
434,160156,2.64422,1.38149,0.00464,0.82445,0.58112,0.65101,0.34643,2.38064,1.23385,0.00593,0.0182527,0.00608423,0.0182527,0.00608423,0.0182527,0.00608423,0.0182527,0.00608423
435,160486,2.64168,1.37889,0.00464,0.8236,0.58185,0.65117,0.34656,2.38119,1.23322,0.00593,0.0182071,0.00606902,0.0182071,0.00606902,0.0182071,0.00606902,0.0182071,0.00606902
436,160823,2.63265,1.38383,0.00466,0.82259,0.58185,0.65092,0.34657,2.38029,1.23352,0.00593,0.0181614,0.0060538,0.0181614,0.0060538,0.0181614,0.0060538,0.0181614,0.0060538
437,161154,2.63576,1.38566,0.00471,0.82244,0.58217,0.65095,0.34652,2.38042,1.23307,0.00593,0.0181157,0.00603856,0.0181157,0.00603856,0.0181157,0.00603856,0.0181157,0.00603856
438,161486,2.60844,1.36647,0.00469,0.8235,0.58162,0.65082,0.34636,2.3805,1.23389,0.00593,0.01807,0.00602332,0.01807,0.00602332,0.01807,0.00602332,0.01807,0.00602332
439,161817,2.64091,1.37488,0.00464,0.82497,0.58134,0.65095,0.3466,2.38013,1.23314,0.00594,0.0180242,0.00600807,0.0180242,0.00600807,0.0180242,0.00600807,0.0180242,0.00600807
440,162149,2.62907,1.37633,0.00463,0.82494,0.58147,0.65095,0.34661,2.3799,1.23341,0.00594,0.0179784,0.00599281,0.0179784,0.00599281,0.0179784,0.00599281,0.0179784,0.00599281
441,162485,2.63481,1.377,0.00461,0.82529,0.58165,0.65098,0.34654,2.38075,1.23311,0.00594,0.0179326,0.00597754,0.0179326,0.00597754,0.0179326,0.00597754,0.0179326,0.00597754
442,162817,2.62974,1.38447,0.00463,0.82585,0.58142,0.6509,0.3466,2.38048,1.23229,0.00594,0.0178868,0.00596226,0.0178868,0.00596226,0.0178868,0.00596226,0.0178868,0.00596226
443,163148,2.62647,1.37682,0.00467,0.82611,0.58127,0.65061,0.34649,2.38026,1.23159,0.00594,0.0178409,0.00594697,0.0178409,0.00594697,0.0178409,0.00594697,0.0178409,0.00594697
444,163481,2.6473,1.3873,0.00469,0.82539,0.5816,0.65117,0.34662,2.37998,1.23211,0.00594,0.017795,0.00593167,0.017795,0.00593167,0.017795,0.00593167,0.017795,0.00593167
445,163813,2.65184,1.38963,0.00463,0.82677,0.58094,0.65113,0.34661,2.3808,1.23156,0.00594,0.0177491,0.00591636,0.0177491,0.00591636,0.0177491,0.00591636,0.0177491,0.00591636
446,164147,2.62763,1.37916,0.00466,0.82603,0.58119,0.65119,0.34679,2.37953,1.23165,0.00594,0.0177031,0.00590105,0.0177031,0.00590105,0.0177031,0.00590105,0.0177031,0.00590105
447,164482,2.63102,1.38074,0.00464,0.82578,0.5815,0.65137,0.34665,2.38052,1.2311,0.00594,0.0176572,0.00588573,0.0176572,0.00588573,0.0176572,0.00588573,0.0176572,0.00588573
448,164813,2.63369,1.38918,0.00463,0.8256,0.58149,0.65115,0.34649,2.38067,1.2318,0.00595,0.0176112,0.00587039,0.0176112,0.00587039,0.0176112,0.00587039,0.0176112,0.00587039
449,165145,2.6222,1.37857,0.00468,0.82442,0.58212,0.65108,0.34659,2.38022,1.2321,0.00594,0.0175652,0.00585505,0.0175652,0.00585505,0.0175652,0.00585505,0.0175652,0.00585505
450,165481,2.63222,1.38134,0.00465,0.82458,0.58228,0.65119,0.34666,2.38027,1.23229,0.00594,0.0175191,0.00583971,0.0175191,0.00583971,0.0175191,0.00583971,0.0175191,0.00583971
451,165819,2.62935,1.37921,0.00462,0.8252,0.58215,0.65152,0.34677,2.37977,1.2316,0.00594,0.0174731,0.00582435,0.0174731,0.00582435,0.0174731,0.00582435,0.0174731,0.00582435
452,166154,2.64873,1.38567,0.00465,0.82581,0.5822,0.65156,0.34664,2.38062,1.23212,0.00594,0.017427,0.00580899,0.017427,0.00580899,0.017427,0.00580899,0.017427,0.00580899
453,166488,2.61137,1.37037,0.00467,0.82609,0.5823,0.65165,0.34719,2.3809,1.23065,0.00595,0.0173808,0.00579362,0.0173808,0.00579362,0.0173808,0.00579362,0.0173808,0.00579362
454,166820,2.61146,1.37254,0.00464,0.82609,0.58217,0.65173,0.34712,2.38174,1.23064,0.00595,0.0173347,0.00577824,0.0173347,0.00577824,0.0173347,0.00577824,0.0173347,0.00577824
455,167151,2.62652,1.36998,0.00461,0.82571,0.58243,0.65169,0.34693,2.38168,1.23138,0.00594,0.0172886,0.00576285,0.0172886,0.00576285,0.0172886,0.00576285,0.0172886,0.00576285
456,167484,2.62509,1.36346,0.00464,0.82595,0.5828,0.65175,0.34679,2.38186,1.23183,0.00594,0.0172424,0.00574746,0.0172424,0.00574746,0.0172424,0.00574746,0.0172424,0.00574746
457,167816,2.60667,1.36365,0.00462,0.82583,0.58278,0.65165,0.34659,2.38138,1.23187,0.00594,0.0171962,0.00573206,0.0171962,0.00573206,0.0171962,0.00573206,0.0171962,0.00573206
458,168150,2.62645,1.38256,0.00467,0.82486,0.58326,0.65185,0.34704,2.38181,1.231,0.00594,0.01715,0.00571666,0.01715,0.00571666,0.01715,0.00571666,0.01715,0.00571666
459,168483,2.62866,1.37667,0.00464,0.82647,0.58311,0.65184,0.3469,2.38135,1.23186,0.00594,0.0171037,0.00570124,0.0171037,0.00570124,0.0171037,0.00570124,0.0171037,0.00570124
460,168819,2.63994,1.36763,0.00456,0.82563,0.58268,0.65173,0.34681,2.38152,1.23181,0.00594,0.0170575,0.00568582,0.0170575,0.00568582,0.0170575,0.00568582,0.0170575,0.00568582
461,169155,2.62304,1.36066,0.00458,0.82515,0.58328,0.65178,0.34711,2.38056,1.23222,0.00594,0.0170112,0.0056704,0.0170112,0.0056704,0.0170112,0.0056704,0.0170112,0.0056704
462,169492,2.64969,1.37461,0.00465,0.82605,0.58285,0.65172,0.34688,2.38139,1.23314,0.00594,0.0169649,0.00565497,0.0169649,0.00565497,0.0169649,0.00565497,0.0169649,0.00565497
463,169828,2.64094,1.3722,0.00465,0.82622,0.5828,0.65168,0.34693,2.38068,1.23305,0.00594,0.0169186,0.00563953,0.0169186,0.00563953,0.0169186,0.00563953,0.0169186,0.00563953
464,170165,2.60496,1.36422,0.00458,0.8261,0.58268,0.65171,0.34685,2.38046,1.23403,0.00594,0.0168723,0.00562409,0.0168723,0.00562409,0.0168723,0.00562409,0.0168723,0.00562409
465,170500,2.62949,1.36675,0.00466,0.82532,0.58344,0.65182,0.34687,2.3799,1.23331,0.00594,0.0168259,0.00560864,0.0168259,0.00560864,0.0168259,0.00560864,0.0168259,0.00560864
466,170837,2.59662,1.35272,0.00458,0.82665,0.58275,0.65163,0.3468,2.38056,1.2334,0.00594,0.0167796,0.00559318,0.0167796,0.00559318,0.0167796,0.00559318,0.0167796,0.00559318
467,171174,2.6066,1.35763,0.00464,0.82619,0.58278,0.65163,0.34684,2.38091,1.23312,0.00595,0.0167332,0.00557773,0.0167332,0.00557773,0.0167332,0.00557773,0.0167332,0.00557773
468,171511,2.62398,1.36985,0.00461,0.82692,0.58265,0.65149,0.34658,2.38128,1.23318,0.00595,0.0166868,0.00556226,0.0166868,0.00556226,0.0166868,0.00556226,0.0166868,0.00556226
469,171855,2.62164,1.3756,0.00459,0.82629,0.58296,0.65158,0.34662,2.38083,1.23356,0.00594,0.0166404,0.00554679,0.0166404,0.00554679,0.0166404,0.00554679,0.0166404,0.00554679
470,172195,2.60825,1.36081,0.00458,0.8273,0.58301,0.65163,0.34665,2.38072,1.23359,0.00595,0.0165939,0.00553132,0.0165939,0.00553132,0.0165939,0.00553132,0.0165939,0.00553132
471,172533,2.63573,1.36985,0.00462,0.82606,0.58396,0.65187,0.34663,2.38103,1.2328,0.00595,0.0165475,0.00551584,0.0165475,0.00551584,0.0165475,0.00551584,0.0165475,0.00551584
472,172873,2.60456,1.35734,0.00457,0.82653,0.58361,0.65173,0.34695,2.38071,1.23362,0.00595,0.0165011,0.00550035,0.0165011,0.00550035,0.0165011,0.00550035,0.0165011,0.00550035
473,173209,2.62097,1.36552,0.00459,0.82653,0.58301,0.65167,0.34671,2.38106,1.23301,0.00595,0.0164546,0.00548486,0.0164546,0.00548486,0.0164546,0.00548486,0.0164546,0.00548486
474,173546,2.61427,1.37232,0.00463,0.82584,0.58273,0.65144,0.34663,2.3812,1.23274,0.00595,0.0164081,0.00546937,0.0164081,0.00546937,0.0164081,0.00546937,0.0164081,0.00546937
475,173881,2.58422,1.34581,0.00463,0.82588,0.58253,0.65145,0.34673,2.38135,1.23297,0.00595,0.0163616,0.00545387,0.0163616,0.00545387,0.0163616,0.00545387,0.0163616,0.00545387
476,174233,2.61187,1.36133,0.00456,0.82608,0.58263,0.65155,0.34667,2.3821,1.23099,0.00595,0.0163151,0.00543837,0.0163151,0.00543837,0.0163151,0.00543837,0.0163151,0.00543837
477,174576,2.63049,1.37785,0.00455,0.82694,0.58248,0.65162,0.34675,2.38111,1.23156,0.00595,0.0162686,0.00542287,0.0162686,0.00542287,0.0162686,0.00542287,0.0162686,0.00542287
478,174916,2.61711,1.3653,0.00457,0.82581,0.58258,0.65159,0.34648,2.381,1.23273,0.00594,0.0162221,0.00540736,0.0162221,0.00540736,0.0162221,0.00540736,0.0162221,0.00540736
479,175252,2.60682,1.36502,0.00458,0.82722,0.58268,0.65175,0.34674,2.38059,1.23285,0.00594,0.0161755,0.00539185,0.0161755,0.00539185,0.0161755,0.00539185,0.0161755,0.00539185
480,175587,2.60643,1.36037,0.00461,0.8273,0.5824,0.65164,0.34626,2.38081,1.23369,0.00594,0.016129,0.00537633,0.016129,0.00537633,0.016129,0.00537633,0.016129,0.00537633
481,175919,2.61336,1.36149,0.0046,0.82723,0.58212,0.65176,0.34635,2.38067,1.23292,0.00594,0.0160824,0.00536081,0.0160824,0.00536081,0.0160824,0.00536081,0.0160824,0.00536081
482,176246,2.59828,1.36098,0.00466,0.82659,0.58265,0.65161,0.34634,2.38045,1.23356,0.00594,0.0160359,0.00534529,0.0160359,0.00534529,0.0160359,0.00534529,0.0160359,0.00534529
483,176572,2.60279,1.36336,0.00461,0.8265,0.58275,0.65174,0.34623,2.38096,1.23408,0.00594,0.0159893,0.00532977,0.0159893,0.00532977,0.0159893,0.00532977,0.0159893,0.00532977
484,176901,2.61269,1.35107,0.00453,0.82642,0.58278,0.65206,0.34628,2.3809,1.23382,0.00594,0.0159427,0.00531424,0.0159427,0.00531424,0.0159427,0.00531424,0.0159427,0.00531424
485,182430,2.60633,1.35642,0.00457,0.82671,0.5825,0.65171,0.34628,2.38074,1.23338,0.00594,0.0158961,0.00529871,0.0158961,0.00529871,0.0158961,0.00529871,0.0158961,0.00529871
486,182768,2.62939,1.37446,0.00456,0.82809,0.5821,0.65176,0.3463,2.38124,1.2335,0.00594,0.0158495,0.00528318,0.0158495,0.00528318,0.0158495,0.00528318,0.0158495,0.00528318
487,183101,2.59455,1.35371,0.00457,0.82748,0.5823,0.6517,0.34637,2.38172,1.23255,0.00594,0.0158029,0.00526764,0.0158029,0.00526764,0.0158029,0.00526764,0.0158029,0.00526764
488,183427,2.61005,1.36122,0.00455,0.82715,0.58338,0.65192,0.34639,2.38188,1.23169,0.00594,0.0157563,0.00525211,0.0157563,0.00525211,0.0157563,0.00525211,0.0157563,0.00525211
489,183753,2.61034,1.36048,0.00459,0.82778,0.58301,0.65206,0.34654,2.3815,1.23111,0.00594,0.0157097,0.00523657,0.0157097,0.00523657,0.0157097,0.00523657,0.0157097,0.00523657
490,184080,2.59959,1.35224,0.00462,0.82762,0.58321,0.65198,0.34659,2.38154,1.23127,0.00594,0.0156631,0.00522103,0.0156631,0.00522103,0.0156631,0.00522103,0.0156631,0.00522103
491,184406,2.59984,1.36236,0.00454,0.82764,0.58318,0.65201,0.34719,2.38214,1.23066,0.00594,0.0156164,0.00520548,0.0156164,0.00520548,0.0156164,0.00520548,0.0156164,0.00520548
492,184732,2.61351,1.35671,0.00456,0.82655,0.58377,0.65219,0.34727,2.38163,1.22946,0.00594,0.0155698,0.00518994,0.0155698,0.00518994,0.0155698,0.00518994,0.0155698,0.00518994
493,185059,2.61294,1.35379,0.00455,0.82721,0.58301,0.6518,0.3465,2.38199,1.23026,0.00594,0.0155232,0.00517439,0.0155232,0.00517439,0.0155232,0.00517439,0.0155232,0.00517439
494,185389,2.60253,1.35659,0.00456,0.82745,0.58278,0.65177,0.34633,2.38215,1.23092,0.00595,0.0154765,0.00515885,0.0154765,0.00515885,0.0154765,0.00515885,0.0154765,0.00515885
495,185724,2.61473,1.35775,0.00453,0.82735,0.58344,0.65182,0.34658,2.38167,1.23116,0.00595,0.0154299,0.0051433,0.0154299,0.0051433,0.0154299,0.0051433,0.0154299,0.0051433
496,186059,2.59063,1.35595,0.00455,0.82706,0.58286,0.65165,0.34666,2.38155,1.23073,0.00595,0.0153833,0.00512775,0.0153833,0.00512775,0.0153833,0.00512775,0.0153833,0.00512775
497,186391,2.60368,1.35655,0.00461,0.82715,0.58346,0.65191,0.34662,2.38126,1.23133,0.00595,0.0153366,0.0051122,0.0153366,0.0051122,0.0153366,0.0051122,0.0153366,0.0051122
498,186726,2.60924,1.36373,0.00457,0.82651,0.58366,0.65187,0.34667,2.38196,1.22999,0.00595,0.01529,0.00509665,0.01529,0.00509665,0.01529,0.00509665,0.01529,0.00509665
499,187060,2.60212,1.35145,0.00456,0.82744,0.58331,0.65202,0.34684,2.38212,1.23074,0.00594,0.0152433,0.0050811,0.0152433,0.0050811,0.0152433,0.0050811,0.0152433,0.0050811
500,187385,2.59307,1.35627,0.00458,0.82781,0.58328,0.65197,0.3469,2.38246,1.23043,0.00594,0.0151967,0.00506555,0.0151967,0.00506555,0.0151967,0.00506555,0.0151967,0.00506555
501,187711,2.59452,1.35055,0.00458,0.8276,0.58323,0.65217,0.34681,2.38177,1.23002,0.00594,0.01515,0.00505,0.01515,0.00505,0.01515,0.00505,0.01515,0.00505
502,188045,2.60754,1.35995,0.00454,0.8302,0.58245,0.65209,0.34705,2.38183,1.22968,0.00594,0.0151033,0.00503445,0.0151033,0.00503445,0.0151033,0.00503445,0.0151033,0.00503445
503,188379,2.58754,1.34287,0.00457,0.82801,0.58288,0.65191,0.34694,2.38211,1.22912,0.00595,0.0150567,0.0050189,0.0150567,0.0050189,0.0150567,0.0050189,0.0150567,0.0050189
504,188718,2.59119,1.35514,0.00462,0.83022,0.5823,0.65202,0.34702,2.3824,1.22841,0.00595,0.01501,0.00500335,0.01501,0.00500335,0.01501,0.00500335,0.01501,0.00500335
505,189047,2.60982,1.36241,0.00458,0.82987,0.58222,0.65183,0.34647,2.38225,1.22967,0.00595,0.0149634,0.0049878,0.0149634,0.0049878,0.0149634,0.0049878,0.0149634,0.0049878
506,189375,2.59362,1.34538,0.00459,0.82975,0.58195,0.65189,0.34663,2.38182,1.2303,0.00595,0.0149167,0.00497225,0.0149167,0.00497225,0.0149167,0.00497225,0.0149167,0.00497225
507,189703,2.60258,1.35505,0.00457,0.8278,0.58298,0.65178,0.34678,2.3825,1.22996,0.00595,0.0148701,0.0049567,0.0148701,0.0049567,0.0148701,0.0049567,0.0148701,0.0049567
508,190032,2.60586,1.36324,0.00451,0.8295,0.58177,0.65175,0.34624,2.38239,1.23096,0.00595,0.0148235,0.00494115,0.0148235,0.00494115,0.0148235,0.00494115,0.0148235,0.00494115
509,190361,2.58034,1.33336,0.00453,0.82985,0.58197,0.65186,0.34632,2.38232,1.23081,0.00595,0.0147768,0.00492561,0.0147768,0.00492561,0.0147768,0.00492561,0.0147768,0.00492561
510,190689,2.6089,1.35372,0.00453,0.82982,0.58172,0.65173,0.34634,2.38261,1.23048,0.00595,0.0147302,0.00491006,0.0147302,0.00491006,0.0147302,0.00491006,0.0147302,0.00491006
511,191017,2.60359,1.36203,0.00451,0.82892,0.58293,0.65199,0.34642,2.38291,1.23,0.00595,0.0146836,0.00489452,0.0146836,0.00489452,0.0146836,0.00489452,0.0146836,0.00489452
512,191345,2.59402,1.34931,0.00452,0.82874,0.58258,0.65152,0.34617,2.38368,1.2298,0.00595,0.0146369,0.00487897,0.0146369,0.00487897,0.0146369,0.00487897,0.0146369,0.00487897
513,191672,2.60485,1.35351,0.00453,0.82837,0.58311,0.65163,0.34638,2.38251,1.23011,0.00595,0.0145903,0.00486343,0.0145903,0.00486343,0.0145903,0.00486343,0.0145903,0.00486343
514,192001,2.57643,1.34437,0.00452,0.82926,0.58311,0.65152,0.34692,2.38265,1.23007,0.00595,0.0145437,0.00484789,0.0145437,0.00484789,0.0145437,0.00484789,0.0145437,0.00484789
515,192328,2.59872,1.34738,0.00455,0.82775,0.58374,0.65152,0.34676,2.38268,1.22953,0.00595,0.0144971,0.00483236,0.0144971,0.00483236,0.0144971,0.00483236,0.0144971,0.00483236
516,192661,2.59411,1.35027,0.0045,0.82799,0.58301,0.65154,0.34708,2.38228,1.23035,0.00595,0.0144505,0.00481682,0.0144505,0.00481682,0.0144505,0.00481682,0.0144505,0.00481682
517,192993,2.57507,1.33432,0.00457,0.82835,0.58318,0.65168,0.34658,2.38273,1.23044,0.00595,0.0144039,0.00480129,0.0144039,0.00480129,0.0144039,0.00480129,0.0144039,0.00480129
518,193320,2.57775,1.33751,0.00456,0.8275,0.58356,0.65169,0.34663,2.38304,1.23056,0.00595,0.0143573,0.00478576,0.0143573,0.00478576,0.0143573,0.00478576,0.0143573,0.00478576
519,193650,2.57974,1.34177,0.00455,0.82973,0.58296,0.65173,0.34682,2.38312,1.23019,0.00595,0.0143107,0.00477023,0.0143107,0.00477023,0.0143107,0.00477023,0.0143107,0.00477023
520,193979,2.57915,1.3399,0.00452,0.82814,0.58341,0.65145,0.34686,2.38361,1.22999,0.00595,0.0142641,0.00475471,0.0142641,0.00475471,0.0142641,0.00475471,0.0142641,0.00475471
521,194307,2.59035,1.34416,0.00449,0.82718,0.58432,0.65147,0.3466,2.3845,1.22968,0.00595,0.0142176,0.00473919,0.0142176,0.00473919,0.0142176,0.00473919,0.0142176,0.00473919
522,194636,2.5987,1.35433,0.00451,0.8279,0.58338,0.65142,0.34681,2.38405,1.22967,0.00595,0.014171,0.00472367,0.014171,0.00472367,0.014171,0.00472367,0.014171,0.00472367
523,194965,2.58376,1.34234,0.00456,0.82743,0.58411,0.65173,0.34669,2.38378,1.22887,0.00595,0.0141245,0.00470815,0.0141245,0.00470815,0.0141245,0.00470815,0.0141245,0.00470815
524,195293,2.5808,1.33564,0.0045,0.82803,0.58321,0.65172,0.34686,2.3844,1.22871,0.00595,0.0140779,0.00469264,0.0140779,0.00469264,0.0140779,0.00469264,0.0140779,0.00469264
525,195621,2.58148,1.33524,0.00453,0.82706,0.58359,0.65165,0.34661,2.38449,1.22865,0.00595,0.0140314,0.00467713,0.0140314,0.00467713,0.0140314,0.00467713,0.0140314,0.00467713
526,195948,2.58579,1.3353,0.00454,0.82824,0.58318,0.65161,0.34696,2.38484,1.22669,0.00596,0.0139849,0.00466163,0.0139849,0.00466163,0.0139849,0.00466163,0.0139849,0.00466163
527,196278,2.56817,1.34241,0.00458,0.82787,0.58316,0.65178,0.34718,2.38393,1.22677,0.00595,0.0139384,0.00464613,0.0139384,0.00464613,0.0139384,0.00464613,0.0139384,0.00464613
528,196607,2.5691,1.3292,0.0045,0.82797,0.58293,0.65183,0.34717,2.38445,1.22784,0.00596,0.0138919,0.00463063,0.0138919,0.00463063,0.0138919,0.00463063,0.0138919,0.00463063
529,196935,2.58115,1.33867,0.00447,0.82821,0.58321,0.65208,0.34719,2.38449,1.22691,0.00596,0.0138454,0.00461514,0.0138454,0.00461514,0.0138454,0.00461514,0.0138454,0.00461514
530,197262,2.57322,1.34913,0.00449,0.82724,0.58396,0.65212,0.34708,2.38426,1.22656,0.00596,0.0137989,0.00459965,0.0137989,0.00459965,0.0137989,0.00459965,0.0137989,0.00459965
531,220368,2.58564,1.34218,0.00452,0.82823,0.58328,0.65198,0.34707,2.38537,1.22632,0.00596,0.0137525,0.00458416,0.0137525,0.00458416,0.0137525,0.00458416,0.0137525,0.00458416
532,220711,2.59698,1.35272,0.00454,0.82821,0.58356,0.65199,0.34732,2.38513,1.22602,0.00596,0.0137061,0.00456868,0.0137061,0.00456868,0.0137061,0.00456868,0.0137061,0.00456868
533,221048,2.57751,1.34013,0.00453,0.82864,0.58364,0.652,0.34709,2.38495,1.22539,0.00596,0.0136596,0.00455321,0.0136596,0.00455321,0.0136596,0.00455321,0.0136596,0.00455321
534,221379,2.59129,1.34553,0.00447,0.82857,0.58346,0.652,0.34702,2.3852,1.22607,0.00596,0.0136132,0.00453774,0.0136132,0.00453774,0.0136132,0.00453774,0.0136132,0.00453774
535,221706,2.57808,1.33613,0.00449,0.8273,0.58409,0.65202,0.3471,2.38502,1.22573,0.00596,0.0135668,0.00452227,0.0135668,0.00452227,0.0135668,0.00452227,0.0135668,0.00452227
536,222035,2.58642,1.3493,0.00448,0.82813,0.58371,0.65193,0.34696,2.3855,1.22643,0.00596,0.0135204,0.00450682,0.0135204,0.00450682,0.0135204,0.00450682,0.0135204,0.00450682
537,222365,2.5919,1.34108,0.00446,0.82865,0.58369,0.65208,0.34703,2.38626,1.22641,0.00596,0.0134741,0.00449136,0.0134741,0.00449136,0.0134741,0.00449136,0.0134741,0.00449136
538,222698,2.56815,1.33087,0.0045,0.82857,0.58369,0.65203,0.3469,2.38639,1.22574,0.00596,0.0134277,0.00447591,0.0134277,0.00447591,0.0134277,0.00447591,0.0134277,0.00447591
539,223035,2.58962,1.34224,0.00455,0.82922,0.58306,0.65191,0.34711,2.38643,1.22553,0.00597,0.0133814,0.00446047,0.0133814,0.00446047,0.0133814,0.00446047,0.0133814,0.00446047
540,223365,2.57958,1.33006,0.00449,0.82961,0.58308,0.65187,0.34711,2.38629,1.22621,0.00597,0.0133351,0.00444503,0.0133351,0.00444503,0.0133351,0.00444503,0.0133351,0.00444503
541,223693,2.5692,1.33493,0.00451,0.8305,0.58293,0.65189,0.34719,2.38609,1.22578,0.00597,0.0132888,0.0044296,0.0132888,0.0044296,0.0132888,0.0044296,0.0132888,0.0044296
542,224022,2.56231,1.32709,0.00447,0.83177,0.5826,0.65193,0.34708,2.38671,1.22523,0.00597,0.0132425,0.00441418,0.0132425,0.00441418,0.0132425,0.00441418,0.0132425,0.00441418
543,224356,2.58826,1.33668,0.00443,0.83096,0.58386,0.65203,0.3471,2.38658,1.22494,0.00597,0.0131963,0.00439876,0.0131963,0.00439876,0.0131963,0.00439876,0.0131963,0.00439876
544,224689,2.56441,1.34353,0.00449,0.83116,0.58346,0.65192,0.34691,2.38694,1.22509,0.00597,0.01315,0.00438334,0.01315,0.00438334,0.01315,0.00438334,0.01315,0.00438334
545,225025,2.57342,1.33497,0.00447,0.83164,0.58338,0.65188,0.34706,2.38691,1.22403,0.00596,0.0131038,0.00436794,0.0131038,0.00436794,0.0131038,0.00436794,0.0131038,0.00436794
546,225361,2.57294,1.33011,0.00441,0.83013,0.58389,0.65195,0.34709,2.38673,1.22453,0.00596,0.0130576,0.00435254,0.0130576,0.00435254,0.0130576,0.00435254,0.0130576,0.00435254
547,225694,2.57708,1.33231,0.00444,0.82909,0.58427,0.65187,0.34687,2.3869,1.22508,0.00596,0.0130114,0.00433715,0.0130114,0.00433715,0.0130114,0.00433715,0.0130114,0.00433715
548,226029,2.57384,1.33116,0.00446,0.82894,0.58414,0.65167,0.34684,2.38671,1.22656,0.00596,0.0129653,0.00432176,0.0129653,0.00432176,0.0129653,0.00432176,0.0129653,0.00432176
549,226364,2.56689,1.32965,0.00446,0.82957,0.58404,0.65179,0.34695,2.38705,1.22615,0.00596,0.0129192,0.00430638,0.0129192,0.00430638,0.0129192,0.00430638,0.0129192,0.00430638
550,226696,2.56388,1.32806,0.00448,0.83005,0.58358,0.65189,0.34686,2.38775,1.22532,0.00596,0.012873,0.00429101,0.012873,0.00429101,0.012873,0.00429101,0.012873,0.00429101
551,227023,2.57401,1.33439,0.00444,0.83163,0.58295,0.65179,0.34677,2.38827,1.22496,0.00596,0.0128269,0.00427565,0.0128269,0.00427565,0.0128269,0.00427565,0.0128269,0.00427565
552,227353,2.59211,1.34554,0.00447,0.83053,0.58371,0.6521,0.34713,2.38888,1.2234,0.00596,0.0127809,0.00426029,0.0127809,0.00426029,0.0127809,0.00426029,0.0127809,0.00426029
553,227682,2.56786,1.3324,0.00444,0.83074,0.58346,0.65191,0.34688,2.38903,1.22413,0.00597,0.0127348,0.00424495,0.0127348,0.00424495,0.0127348,0.00424495,0.0127348,0.00424495
554,228016,2.55509,1.32765,0.0045,0.83016,0.58366,0.65183,0.34696,2.38837,1.2241,0.00597,0.0126888,0.00422961,0.0126888,0.00422961,0.0126888,0.00422961,0.0126888,0.00422961
555,228353,2.56857,1.32324,0.00443,0.82891,0.58427,0.65196,0.347,2.3885,1.22485,0.00597,0.0126428,0.00421427,0.0126428,0.00421427,0.0126428,0.00421427,0.0126428,0.00421427
556,228685,2.57768,1.33445,0.00443,0.82927,0.58439,0.65203,0.34719,2.3871,1.22532,0.00597,0.0125969,0.00419895,0.0125969,0.00419895,0.0125969,0.00419895,0.0125969,0.00419895
557,229013,2.56242,1.32377,0.00451,0.82893,0.58482,0.65217,0.34737,2.38786,1.22445,0.00596,0.0125509,0.00418364,0.0125509,0.00418364,0.0125509,0.00418364,0.0125509,0.00418364
558,229342,2.56477,1.33056,0.00443,0.83102,0.58439,0.65252,0.34752,2.38809,1.22382,0.00596,0.012505,0.00416833,0.012505,0.00416833,0.012505,0.00416833,0.012505,0.00416833
559,229672,2.55626,1.32601,0.00442,0.82994,0.58472,0.6524,0.34745,2.38826,1.22429,0.00596,0.0124591,0.00415303,0.0124591,0.00415303,0.0124591,0.00415303,0.0124591,0.00415303
560,230005,2.5683,1.32285,0.00441,0.83084,0.58439,0.65259,0.3477,2.3875,1.22349,0.00596,0.0124132,0.00413774,0.0124132,0.00413774,0.0124132,0.00413774,0.0124132,0.00413774
561,230335,2.55348,1.32535,0.00446,0.83138,0.58426,0.65251,0.34757,2.38729,1.2243,0.00596,0.0123674,0.00412246,0.0123674,0.00412246,0.0123674,0.00412246,0.0123674,0.00412246
562,230666,2.57251,1.33334,0.00446,0.83101,0.58434,0.65236,0.34729,2.38769,1.22466,0.00597,0.0123216,0.00410719,0.0123216,0.00410719,0.0123216,0.00410719,0.0123216,0.00410719
563,230998,2.55701,1.31846,0.00443,0.82977,0.58497,0.65249,0.34717,2.38776,1.22423,0.00596,0.0122758,0.00409193,0.0122758,0.00409193,0.0122758,0.00409193,0.0122758,0.00409193
564,231327,2.54436,1.32173,0.00444,0.82935,0.58484,0.6525,0.34692,2.38887,1.22471,0.00597,0.01223,0.00407668,0.01223,0.00407668,0.01223,0.00407668,0.01223,0.00407668
565,231659,2.56098,1.31701,0.00441,0.83019,0.58401,0.65219,0.347,2.38835,1.22462,0.00597,0.0121843,0.00406144,0.0121843,0.00406144,0.0121843,0.00406144,0.0121843,0.00406144
566,231991,2.55551,1.33307,0.00447,0.83022,0.58439,0.65248,0.34701,2.38824,1.22488,0.00597,0.0121386,0.0040462,0.0121386,0.0040462,0.0121386,0.0040462,0.0121386,0.0040462
567,232322,2.56477,1.32884,0.00444,0.83156,0.58378,0.65239,0.34693,2.38857,1.22459,0.00597,0.0120929,0.00403098,0.0120929,0.00403098,0.0120929,0.00403098,0.0120929,0.00403098
568,232656,2.56394,1.33015,0.00441,0.83089,0.58406,0.65246,0.34701,2.38784,1.22522,0.00597,0.0120473,0.00401577,0.0120473,0.00401577,0.0120473,0.00401577,0.0120473,0.00401577
569,232987,2.57075,1.33054,0.00443,0.83118,0.58404,0.65234,0.34697,2.38856,1.22557,0.00597,0.0120017,0.00400056,0.0120017,0.00400056,0.0120017,0.00400056,0.0120017,0.00400056
570,233320,2.57183,1.32136,0.00442,0.83109,0.58404,0.6526,0.3471,2.3887,1.22467,0.00597,0.0119561,0.00398537,0.0119561,0.00398537,0.0119561,0.00398537,0.0119561,0.00398537
571,233650,2.55647,1.32823,0.00444,0.83232,0.58353,0.65236,0.34708,2.38839,1.22512,0.00597,0.0119106,0.00397019,0.0119106,0.00397019,0.0119106,0.00397019,0.0119106,0.00397019
572,233980,2.55999,1.33542,0.00446,0.83271,0.58391,0.65257,0.34759,2.38795,1.22486,0.00597,0.0118651,0.00395502,0.0118651,0.00395502,0.0118651,0.00395502,0.0118651,0.00395502
573,234312,2.55345,1.31955,0.0044,0.83185,0.58434,0.65272,0.34738,2.38784,1.22509,0.00597,0.0118196,0.00393986,0.0118196,0.00393986,0.0118196,0.00393986,0.0118196,0.00393986
574,234645,2.54826,1.31834,0.0044,0.83212,0.58449,0.65299,0.34772,2.38738,1.22543,0.00596,0.0117741,0.00392471,0.0117741,0.00392471,0.0117741,0.00392471,0.0117741,0.00392471
575,234975,2.55164,1.32274,0.00441,0.83101,0.58469,0.65303,0.34733,2.38799,1.22471,0.00596,0.0117287,0.00390957,0.0117287,0.00390957,0.0117287,0.00390957,0.0117287,0.00390957
576,235308,2.54626,1.31159,0.00439,0.83096,0.58449,0.65307,0.34741,2.38765,1.22574,0.00596,0.0116833,0.00389445,0.0116833,0.00389445,0.0116833,0.00389445,0.0116833,0.00389445
577,235640,2.55774,1.31746,0.00443,0.83124,0.58479,0.65318,0.3479,2.3872,1.22497,0.00596,0.011638,0.00387933,0.011638,0.00387933,0.011638,0.00387933,0.011638,0.00387933
578,235971,2.52982,1.30613,0.0044,0.83172,0.58482,0.65309,0.34738,2.38781,1.22518,0.00596,0.0115927,0.00386423,0.0115927,0.00386423,0.0115927,0.00386423,0.0115927,0.00386423
579,236303,2.54929,1.31322,0.00442,0.83239,0.58398,0.65308,0.34735,2.38846,1.2254,0.00597,0.0115474,0.00384913,0.0115474,0.00384913,0.0115474,0.00384913,0.0115474,0.00384913
580,236634,2.55638,1.3183,0.00437,0.83164,0.58472,0.65314,0.34747,2.38769,1.22539,0.00597,0.0115022,0.00383405,0.0115022,0.00383405,0.0115022,0.00383405,0.0115022,0.00383405
581,236966,2.54925,1.31961,0.00441,0.83146,0.5851,0.65332,0.34739,2.38809,1.22533,0.00597,0.011457,0.00381899,0.011457,0.00381899,0.011457,0.00381899,0.011457,0.00381899
582,237298,2.56381,1.32036,0.00437,0.83142,0.58527,0.65331,0.34734,2.38719,1.22582,0.00596,0.0114118,0.00380393,0.0114118,0.00380393,0.0114118,0.00380393,0.0114118,0.00380393
583,237629,2.54697,1.31,0.00439,0.83094,0.58527,0.65313,0.34753,2.38732,1.22665,0.00596,0.0113667,0.00378888,0.0113667,0.00378888,0.0113667,0.00378888,0.0113667,0.00378888
584,237962,2.54865,1.31604,0.00437,0.83206,0.58537,0.65317,0.3475,2.38621,1.22743,0.00596,0.0113216,0.00377385,0.0113216,0.00377385,0.0113216,0.00377385,0.0113216,0.00377385
585,238293,2.53884,1.30701,0.00439,0.83111,0.58527,0.65303,0.34741,2.38642,1.22726,0.00597,0.0112765,0.00375883,0.0112765,0.00375883,0.0112765,0.00375883,0.0112765,0.00375883
586,238625,2.53365,1.30703,0.0044,0.8308,0.58545,0.65323,0.3475,2.38712,1.22642,0.00597,0.0112315,0.00374383,0.0112315,0.00374383,0.0112315,0.00374383,0.0112315,0.00374383
587,238956,2.5436,1.31944,0.00438,0.83132,0.58525,0.65326,0.34748,2.38698,1.22621,0.00596,0.0111865,0.00372884,0.0111865,0.00372884,0.0111865,0.00372884,0.0111865,0.00372884
588,239288,2.55545,1.32105,0.00442,0.83151,0.5849,0.65311,0.34754,2.3874,1.22614,0.00597,0.0111416,0.00371385,0.0111416,0.00371385,0.0111416,0.00371385,0.0111416,0.00371385
589,239628,2.54428,1.31742,0.00435,0.83339,0.58453,0.65313,0.34729,2.38723,1.22677,0.00596,0.0110967,0.00369889,0.0110967,0.00369889,0.0110967,0.00369889,0.0110967,0.00369889
590,239962,2.5334,1.31208,0.0044,0.83249,0.585,0.65317,0.34749,2.38638,1.22655,0.00596,0.0110518,0.00368393,0.0110518,0.00368393,0.0110518,0.00368393,0.0110518,0.00368393
591,240296,2.53829,1.30047,0.00436,0.83336,0.58464,0.65321,0.34742,2.38667,1.22656,0.00596,0.011007,0.00366899,0.011007,0.00366899,0.011007,0.00366899,0.011007,0.00366899
592,240628,2.53449,1.3095,0.00439,0.83337,0.58517,0.6533,0.34729,2.38728,1.22631,0.00596,0.0109622,0.00365407,0.0109622,0.00365407,0.0109622,0.00365407,0.0109622,0.00365407
593,240964,2.55348,1.30903,0.00435,0.83368,0.58501,0.65331,0.34728,2.38674,1.22819,0.00596,0.0109175,0.00363915,0.0109175,0.00363915,0.0109175,0.00363915,0.0109175,0.00363915
594,241303,2.53626,1.30997,0.00438,0.83407,0.58425,0.65325,0.34761,2.38708,1.22716,0.00596,0.0108728,0.00362426,0.0108728,0.00362426,0.0108728,0.00362426,0.0108728,0.00362426
595,241633,2.52372,1.31323,0.00437,0.83376,0.58366,0.6531,0.34764,2.38681,1.22808,0.00596,0.0108281,0.00360937,0.0108281,0.00360937,0.0108281,0.00360937,0.0108281,0.00360937
596,241965,2.53593,1.3112,0.00437,0.83463,0.58376,0.6532,0.34736,2.38728,1.22793,0.00596,0.0107835,0.0035945,0.0107835,0.0035945,0.0107835,0.0035945,0.0107835,0.0035945
597,242297,2.54293,1.31749,0.00443,0.83409,0.58353,0.65324,0.34762,2.38707,1.22704,0.00596,0.0107389,0.00357964,0.0107389,0.00357964,0.0107389,0.00357964,0.0107389,0.00357964
598,242628,2.55954,1.332,0.00436,0.83398,0.58369,0.65323,0.34784,2.3868,1.22816,0.00596,0.0106944,0.0035648,0.0106944,0.0035648,0.0106944,0.0035648,0.0106944,0.0035648
599,242960,2.53698,1.31482,0.00439,0.83274,0.58446,0.65308,0.34744,2.38724,1.22829,0.00596,0.0106499,0.00354998,0.0106499,0.00354998,0.0106499,0.00354998,0.0106499,0.00354998
600,243291,2.51454,1.30262,0.00437,0.83264,0.58428,0.65308,0.34778,2.38629,1.22945,0.00596,0.0106055,0.00353516,0.0106055,0.00353516,0.0106055,0.00353516,0.0106055,0.00353516
601,243622,2.55155,1.31706,0.00434,0.83196,0.58439,0.65315,0.34753,2.38687,1.22892,0.00596,0.0105611,0.00352037,0.0105611,0.00352037,0.0105611,0.00352037,0.0105611,0.00352037
602,243952,2.52979,1.31004,0.00434,0.83167,0.58482,0.65337,0.34744,2.38606,1.22841,0.00596,0.0105168,0.00350558,0.0105168,0.00350558,0.0105168,0.00350558,0.0105168,0.00350558
603,244284,2.53293,1.30702,0.00434,0.83188,0.58507,0.65326,0.34752,2.38751,1.22785,0.00596,0.0104725,0.00349082,0.0104725,0.00349082,0.0104725,0.00349082,0.0104725,0.00349082
604,244615,2.54007,1.31207,0.00436,0.83128,0.58545,0.65329,0.34754,2.38762,1.22727,0.00597,0.0104282,0.00347607,0.0104282,0.00347607,0.0104282,0.00347607,0.0104282,0.00347607
605,244945,2.52322,1.30598,0.00435,0.83094,0.58615,0.6535,0.34764,2.38779,1.2276,0.00596,0.010384,0.00346133,0.010384,0.00346133,0.010384,0.00346133,0.010384,0.00346133
606,245275,2.51772,1.30508,0.00436,0.83288,0.58517,0.65347,0.34782,2.38722,1.22757,0.00596,0.0103398,0.00344661,0.0103398,0.00344661,0.0103398,0.00344661,0.0103398,0.00344661
607,245608,2.54373,1.31168,0.0043,0.8313,0.58552,0.65338,0.34773,2.38683,1.22903,0.00596,0.0102957,0.0034319,0.0102957,0.0034319,0.0102957,0.0034319,0.0102957,0.0034319
608,245938,2.52242,1.30076,0.00438,0.83103,0.58552,0.65336,0.34775,2.38743,1.22871,0.00596,0.0102516,0.00341722,0.0102516,0.00341722,0.0102516,0.00341722,0.0102516,0.00341722
609,246268,2.53279,1.30179,0.00432,0.83155,0.58558,0.65362,0.34777,2.38715,1.22836,0.00596,0.0102076,0.00340254,0.0102076,0.00340254,0.0102076,0.00340254,0.0102076,0.00340254
610,246598,2.51965,1.30333,0.00438,0.83084,0.5861,0.6536,0.34771,2.38718,1.2288,0.00596,0.0101637,0.00338789,0.0101637,0.00338789,0.0101637,0.00338789,0.0101637,0.00338789
611,246929,2.53243,1.30245,0.00433,0.83066,0.58646,0.65355,0.34783,2.38635,1.22931,0.00597,0.0101197,0.00337325,0.0101197,0.00337325,0.0101197,0.00337325,0.0101197,0.00337325
612,247261,2.53146,1.29482,0.00433,0.83117,0.58638,0.65367,0.34791,2.38607,1.22977,0.00597,0.0100759,0.00335862,0.0100759,0.00335862,0.0100759,0.00335862,0.0100759,0.00335862
613,247592,2.53842,1.30622,0.00436,0.8315,0.58573,0.65346,0.34785,2.38615,1.23032,0.00597,0.0100321,0.00334402,0.0100321,0.00334402,0.0100321,0.00334402,0.0100321,0.00334402
614,247923,2.52152,1.29187,0.00431,0.83222,0.58552,0.65355,0.34774,2.38713,1.22906,0.00597,0.00998828,0.00332943,0.00998828,0.00332943,0.00998828,0.00332943,0.00998828,0.00332943
615,248253,2.52898,1.30065,0.00434,0.83189,0.58563,0.65358,0.34765,2.38706,1.22861,0.00597,0.00994457,0.00331486,0.00994457,0.00331486,0.00994457,0.00331486,0.00994457,0.00331486
616,248584,2.53003,1.29929,0.00437,0.83192,0.5853,0.65353,0.34775,2.38683,1.22889,0.00597,0.0099009,0.0033003,0.0099009,0.0033003,0.0099009,0.0033003,0.0099009,0.0033003
617,248915,2.52072,1.29213,0.00434,0.83297,0.58494,0.65339,0.34774,2.38711,1.22877,0.00597,0.00985728,0.00328576,0.00985728,0.00328576,0.00985728,0.00328576,0.00985728,0.00328576
618,249246,2.52619,1.29792,0.00434,0.83303,0.58517,0.65344,0.34797,2.38761,1.22882,0.00597,0.00981372,0.00327124,0.00981372,0.00327124,0.00981372,0.00327124,0.00981372,0.00327124
619,250089,2.53509,1.29434,0.00429,0.83286,0.58497,0.6536,0.348,2.38685,1.22912,0.00597,0.00977021,0.00325674,0.00977021,0.00325674,0.00977021,0.00325674,0.00977021,0.00325674
620,250431,2.52916,1.30917,0.00429,0.83203,0.58547,0.65356,0.34785,2.387,1.22914,0.00597,0.00972675,0.00324225,0.00972675,0.00324225,0.00972675,0.00324225,0.00972675,0.00324225
621,250765,2.5112,1.29733,0.00437,0.83229,0.5856,0.65356,0.34798,2.38742,1.22844,0.00597,0.00968335,0.00322778,0.00968335,0.00322778,0.00968335,0.00322778,0.00968335,0.00322778
622,251098,2.52842,1.30572,0.00432,0.83156,0.58638,0.65381,0.34813,2.38721,1.22881,0.00597,0.00964,0.00321333,0.00964,0.00321333,0.00964,0.00321333,0.00964,0.00321333
623,251427,2.52514,1.30197,0.00431,0.83166,0.58643,0.65385,0.34801,2.38788,1.22949,0.00597,0.00959671,0.0031989,0.00959671,0.0031989,0.00959671,0.0031989,0.00959671,0.0031989
624,251757,2.50909,1.29866,0.0043,0.83173,0.5861,0.65377,0.34774,2.38772,1.22984,0.00597,0.00955347,0.00318449,0.00955347,0.00318449,0.00955347,0.00318449,0.00955347,0.00318449
625,252085,2.50925,1.29292,0.00433,0.83114,0.58623,0.65369,0.34769,2.38784,1.22946,0.00597,0.00951028,0.00317009,0.00951028,0.00317009,0.00951028,0.00317009,0.00951028,0.00317009
626,252414,2.52441,1.30241,0.00429,0.83085,0.586,0.65362,0.34764,2.38887,1.23015,0.00597,0.00946715,0.00315572,0.00946715,0.00315572,0.00946715,0.00315572,0.00946715,0.00315572
627,252742,2.51125,1.29894,0.00427,0.83154,0.58593,0.65366,0.34785,2.38817,1.23044,0.00596,0.00942408,0.00314136,0.00942408,0.00314136,0.00942408,0.00314136,0.00942408,0.00314136
628,253071,2.52089,1.28823,0.0043,0.83186,0.58603,0.6537,0.3477,2.38777,1.2313,0.00596,0.00938106,0.00312702,0.00938106,0.00312702,0.00938106,0.00312702,0.00938106,0.00312702
629,253400,2.5396,1.30061,0.00429,0.83226,0.5856,0.65382,0.3478,2.38806,1.23189,0.00596,0.0093381,0.0031127,0.0093381,0.0031127,0.0093381,0.0031127,0.0093381,0.0031127
630,253730,2.51934,1.30225,0.00433,0.83318,0.58582,0.65397,0.3477,2.38916,1.23213,0.00597,0.0092952,0.0030984,0.0092952,0.0030984,0.0092952,0.0030984,0.0092952,0.0030984
631,254061,2.50975,1.29371,0.00431,0.83346,0.5856,0.65409,0.34781,2.38869,1.23167,0.00596,0.00925235,0.00308412,0.00925235,0.00308412,0.00925235,0.00308412,0.00925235,0.00308412
632,254391,2.50683,1.2932,0.0043,0.83356,0.58552,0.65413,0.348,2.38869,1.23255,0.00596,0.00920957,0.00306986,0.00920957,0.00306986,0.00920957,0.00306986,0.00920957,0.00306986
633,254721,2.50407,1.28725,0.0043,0.83383,0.58527,0.654,0.34801,2.389,1.23196,0.00597,0.00916684,0.00305561,0.00916684,0.00305561,0.00916684,0.00305561,0.00916684,0.00305561
634,255052,2.5284,1.3029,0.00424,0.83394,0.58547,0.65403,0.34763,2.38865,1.23269,0.00597,0.00912417,0.00304139,0.00912417,0.00304139,0.00912417,0.00304139,0.00912417,0.00304139
635,255382,2.51236,1.30317,0.00431,0.83541,0.58497,0.65403,0.34788,2.38838,1.23146,0.00597,0.00908156,0.00302719,0.00908156,0.00302719,0.00908156,0.00302719,0.00908156,0.00302719
636,255710,2.50418,1.29999,0.00425,0.83395,0.58552,0.6539,0.34777,2.38888,1.23244,0.00597,0.00903901,0.003013,0.00903901,0.003013,0.00903901,0.003013,0.00903901,0.003013
637,256038,2.51792,1.29209,0.00429,0.83374,0.58527,0.6539,0.34764,2.38866,1.23224,0.00597,0.00899652,0.00299884,0.00899652,0.00299884,0.00899652,0.00299884,0.00899652,0.00299884
638,256367,2.51281,1.29162,0.00426,0.83301,0.58585,0.65411,0.34753,2.38902,1.2327,0.00597,0.00895409,0.0029847,0.00895409,0.0029847,0.00895409,0.0029847,0.00895409,0.0029847
639,256698,2.51214,1.28985,0.00427,0.83205,0.58621,0.65377,0.34762,2.38871,1.23222,0.00597,0.00891173,0.00297058,0.00891173,0.00297058,0.00891173,0.00297058,0.00891173,0.00297058
640,257026,2.52111,1.28983,0.00422,0.83316,0.58547,0.65384,0.34757,2.38857,1.23292,0.00597,0.00886942,0.00295647,0.00886942,0.00295647,0.00886942,0.00295647,0.00886942,0.00295647
641,257356,2.50824,1.28627,0.00427,0.83234,0.58618,0.65393,0.34753,2.38986,1.23283,0.00597,0.00882718,0.00294239,0.00882718,0.00294239,0.00882718,0.00294239,0.00882718,0.00294239
642,257684,2.504,1.29042,0.00429,0.83373,0.58608,0.65394,0.34736,2.38928,1.23366,0.00597,0.008785,0.00292833,0.008785,0.00292833,0.008785,0.00292833,0.008785,0.00292833
643,258012,2.49815,1.28629,0.00429,0.83241,0.58671,0.654,0.34801,2.38961,1.23265,0.00597,0.00874288,0.00291429,0.00874288,0.00291429,0.00874288,0.00291429,0.00874288,0.00291429
644,258345,2.51493,1.29532,0.00424,0.83272,0.58638,0.65385,0.34752,2.38984,1.23282,0.00598,0.00870082,0.00290027,0.00870082,0.00290027,0.00870082,0.00290027,0.00870082,0.00290027
645,258673,2.49066,1.27827,0.00426,0.83113,0.58683,0.65381,0.34759,2.38989,1.23251,0.00598,0.00865883,0.00288628,0.00865883,0.00288628,0.00865883,0.00288628,0.00865883,0.00288628
646,259002,2.48713,1.28004,0.00427,0.831,0.58678,0.65393,0.34804,2.39047,1.2315,0.00598,0.0086169,0.0028723,0.0086169,0.0028723,0.0086169,0.0028723,0.0086169,0.0028723
647,259335,2.498,1.27795,0.00424,0.83166,0.58656,0.65403,0.34766,2.39053,1.23243,0.00597,0.00857504,0.00285835,0.00857504,0.00285835,0.00857504,0.00285835,0.00857504,0.00285835
648,259667,2.51885,1.29818,0.00428,0.83057,0.58721,0.65402,0.34741,2.39182,1.2316,0.00598,0.00853324,0.00284441,0.00853324,0.00284441,0.00853324,0.00284441,0.00853324,0.00284441
649,259997,2.50496,1.2778,0.00424,0.83318,0.58603,0.65425,0.34739,2.39164,1.23183,0.00598,0.00849151,0.0028305,0.00849151,0.0028305,0.00849151,0.0028305,0.00849151,0.0028305
650,260327,2.50121,1.28891,0.00423,0.83172,0.58631,0.65428,0.34733,2.3912,1.23135,0.00598,0.00844984,0.00281661,0.00844984,0.00281661,0.00844984,0.00281661,0.00844984,0.00281661
651,260658,2.48764,1.27581,0.0043,0.8317,0.58623,0.65429,0.34753,2.39103,1.23213,0.00598,0.00840824,0.00280275,0.00840824,0.00280275,0.00840824,0.00280275,0.00840824,0.00280275
652,264575,2.50914,1.28827,0.00424,0.83205,0.58656,0.6545,0.34739,2.39082,1.23287,0.00598,0.00836671,0.0027889,0.00836671,0.0027889,0.00836671,0.0027889,0.00836671,0.0027889
653,264913,2.49281,1.28551,0.00425,0.83238,0.58683,0.65462,0.34791,2.39073,1.23266,0.00598,0.00832524,0.00277508,0.00832524,0.00277508,0.00832524,0.00277508,0.00832524,0.00277508
654,265253,2.48161,1.27425,0.00426,0.83357,0.58618,0.65429,0.34785,2.39167,1.23224,0.00598,0.00828384,0.00276128,0.00828384,0.00276128,0.00828384,0.00276128,0.00828384,0.00276128
655,265585,2.49489,1.28044,0.00422,0.83305,0.58701,0.65444,0.34788,2.39194,1.23176,0.00598,0.00824251,0.0027475,0.00824251,0.0027475,0.00824251,0.0027475,0.00824251,0.0027475
656,265920,2.51059,1.29197,0.00421,0.83507,0.5858,0.65423,0.3476,2.39197,1.23207,0.00598,0.00820124,0.00273375,0.00820124,0.00273375,0.00820124,0.00273375,0.00820124,0.00273375
657,266255,2.47618,1.26967,0.00426,0.83567,0.58552,0.65437,0.34765,2.39184,1.23222,0.00598,0.00816005,0.00272002,0.00816005,0.00272002,0.00816005,0.00272002,0.00816005,0.00272002
658,266588,2.50008,1.29056,0.00421,0.83476,0.58567,0.65432,0.34751,2.39175,1.23275,0.00598,0.00811892,0.00270631,0.00811892,0.00270631,0.00811892,0.00270631,0.00811892,0.00270631
659,266925,2.49939,1.28098,0.00424,0.83565,0.58505,0.65415,0.34775,2.39194,1.23339,0.00598,0.00807786,0.00269262,0.00807786,0.00269262,0.00807786,0.00269262,0.00807786,0.00269262
660,267259,2.49744,1.2719,0.00422,0.83444,0.58585,0.65427,0.34781,2.39203,1.2328,0.00599,0.00803688,0.00267896,0.00803688,0.00267896,0.00803688,0.00267896,0.00803688,0.00267896
661,267588,2.47999,1.2759,0.00425,0.83551,0.5851,0.6542,0.34772,2.39241,1.23294,0.00599,0.00799596,0.00266532,0.00799596,0.00266532,0.00799596,0.00266532,0.00799596,0.00266532
662,267919,2.48668,1.27663,0.00421,0.83397,0.5857,0.65409,0.34764,2.3919,1.23343,0.00599,0.00795511,0.0026517,0.00795511,0.0026517,0.00795511,0.0026517,0.00795511,0.0026517
663,268247,2.49485,1.27641,0.00419,0.83432,0.58552,0.65424,0.34776,2.39214,1.23308,0.00599,0.00791434,0.00263811,0.00791434,0.00263811,0.00791434,0.00263811,0.00791434,0.00263811
664,268576,2.49569,1.27621,0.00426,0.83343,0.58608,0.65419,0.34794,2.3922,1.23238,0.00599,0.00787363,0.00262454,0.00787363,0.00262454,0.00787363,0.00262454,0.00787363,0.00262454
665,268910,2.49132,1.2747,0.00419,0.83391,0.58608,0.65423,0.34772,2.39222,1.23201,0.00599,0.007833,0.002611,0.007833,0.002611,0.007833,0.002611,0.007833,0.002611
666,269243,2.47785,1.26962,0.00422,0.8338,0.58617,0.65419,0.34763,2.39298,1.23273,0.00599,0.00779244,0.00259748,0.00779244,0.00259748,0.00779244,0.00259748,0.00779244,0.00259748
667,269578,2.49333,1.27646,0.0042,0.83487,0.58545,0.65412,0.34738,2.39318,1.23211,0.00599,0.00775195,0.00258398,0.00775195,0.00258398,0.00775195,0.00258398,0.00775195,0.00258398
668,269908,2.47275,1.26188,0.00419,0.83491,0.58542,0.65416,0.34759,2.3931,1.23156,0.00599,0.00771154,0.00257051,0.00771154,0.00257051,0.00771154,0.00257051,0.00771154,0.00257051
669,270237,2.5006,1.28748,0.00418,0.83494,0.5855,0.65414,0.34725,2.39394,1.23158,0.00599,0.0076712,0.00255707,0.0076712,0.00255707,0.0076712,0.00255707,0.0076712,0.00255707
670,270566,2.46431,1.26854,0.00422,0.83435,0.58585,0.65425,0.34749,2.39408,1.23151,0.00599,0.00763093,0.00254364,0.00763093,0.00254364,0.00763093,0.00254364,0.00763093,0.00254364
671,270894,2.49801,1.27659,0.00421,0.83474,0.58542,0.65422,0.34735,2.39354,1.23319,0.00599,0.00759073,0.00253024,0.00759073,0.00253024,0.00759073,0.00253024,0.00759073,0.00253024
672,271224,2.49253,1.27167,0.00418,0.83387,0.5862,0.65416,0.34727,2.39322,1.2332,0.00599,0.00755062,0.00251687,0.00755062,0.00251687,0.00755062,0.00251687,0.00755062,0.00251687
673,271556,2.50047,1.28045,0.00416,0.83473,0.58577,0.65418,0.34704,2.39356,1.23335,0.00599,0.00751057,0.00250352,0.00751057,0.00250352,0.00751057,0.00250352,0.00751057,0.00250352
674,271883,2.48447,1.27531,0.0042,0.83182,0.58724,0.65433,0.34696,2.39339,1.23307,0.00599,0.0074706,0.0024902,0.0074706,0.0024902,0.0074706,0.0024902,0.0074706,0.0024902
675,272214,2.47672,1.27003,0.00417,0.83237,0.58618,0.65382,0.34666,2.3935,1.23417,0.00599,0.00743071,0.0024769,0.00743071,0.0024769,0.00743071,0.0024769,0.00743071,0.0024769
676,272544,2.48932,1.2671,0.0042,0.83309,0.58578,0.65395,0.34697,2.39317,1.23492,0.00599,0.0073909,0.00246363,0.0073909,0.00246363,0.0073909,0.00246363,0.0073909,0.00246363
677,272872,2.4792,1.27086,0.00417,0.83304,0.58661,0.65423,0.3473,2.39311,1.23422,0.00599,0.00735116,0.00245039,0.00735116,0.00245039,0.00735116,0.00245039,0.00735116,0.00245039
678,273202,2.4762,1.26831,0.0042,0.8321,0.58678,0.65419,0.3473,2.39363,1.23392,0.00599,0.00731149,0.00243716,0.00731149,0.00243716,0.00731149,0.00243716,0.00731149,0.00243716
679,273531,2.46622,1.26881,0.00421,0.83244,0.58694,0.65449,0.34732,2.39361,1.23422,0.00599,0.00727191,0.00242397,0.00727191,0.00242397,0.00727191,0.00242397,0.00727191,0.00242397
680,273859,2.4503,1.25763,0.00418,0.83274,0.58673,0.65448,0.34741,2.39362,1.23441,0.00599,0.0072324,0.0024108,0.0072324,0.0024108,0.0072324,0.0024108,0.0072324,0.0024108
681,307340,2.45344,1.25287,0.00415,0.83261,0.58704,0.65447,0.34732,2.39433,1.234,0.00599,0.00719297,0.00239766,0.00719297,0.00239766,0.00719297,0.00239766,0.00719297,0.00239766
682,307677,2.46076,1.25431,0.00417,0.83344,0.58716,0.6547,0.34743,2.39397,1.23378,0.006,0.00715362,0.00238454,0.00715362,0.00238454,0.00715362,0.00238454,0.00715362,0.00238454
683,308013,2.47599,1.25373,0.00415,0.83272,0.58711,0.65467,0.347,2.39487,1.23388,0.006,0.00711435,0.00237145,0.00711435,0.00237145,0.00711435,0.00237145,0.00711435,0.00237145
684,308346,2.46002,1.25416,0.00412,0.83417,0.58711,0.65476,0.34701,2.39533,1.23289,0.006,0.00707516,0.00235839,0.00707516,0.00235839,0.00707516,0.00235839,0.00707516,0.00235839
685,308676,2.47639,1.26411,0.00415,0.83334,0.58761,0.65477,0.34724,2.39588,1.23303,0.00601,0.00703604,0.00234535,0.00703604,0.00234535,0.00703604,0.00234535,0.00703604,0.00234535
686,309007,2.46284,1.25726,0.00419,0.83306,0.58741,0.65477,0.34692,2.39538,1.23322,0.00601,0.00699701,0.00233234,0.00699701,0.00233234,0.00699701,0.00233234,0.00699701,0.00233234
687,309336,2.46896,1.26145,0.00419,0.83283,0.58709,0.65468,0.34662,2.39572,1.2339,0.00601,0.00695806,0.00231935,0.00695806,0.00231935,0.00695806,0.00231935,0.00695806,0.00231935
688,309669,2.47048,1.25407,0.00415,0.83264,0.58678,0.65453,0.34684,2.39531,1.23438,0.00601,0.00691919,0.0023064,0.00691919,0.0023064,0.00691919,0.0023064,0.00691919,0.0023064
689,310001,2.46788,1.26556,0.00417,0.83178,0.58729,0.65443,0.34661,2.39622,1.23499,0.00601,0.0068804,0.00229347,0.0068804,0.00229347,0.0068804,0.00229347,0.0068804,0.00229347
690,310333,2.46727,1.26893,0.00416,0.83261,0.58716,0.6545,0.34668,2.39621,1.2348,0.00601,0.00684169,0.00228056,0.00684169,0.00228056,0.00684169,0.00228056,0.00684169,0.00228056
691,310671,2.46368,1.25687,0.00415,0.83324,0.58681,0.65469,0.34665,2.3958,1.23507,0.00601,0.00680306,0.00226769,0.00680306,0.00226769,0.00680306,0.00226769,0.00680306,0.00226769
692,311010,2.48506,1.2635,0.00415,0.83308,0.58688,0.65456,0.34661,2.39615,1.2348,0.00601,0.00676452,0.00225484,0.00676452,0.00225484,0.00676452,0.00225484,0.00676452,0.00225484
693,311344,2.46469,1.25987,0.0041,0.834,0.58623,0.65453,0.34646,2.39624,1.2341,0.00601,0.00672606,0.00224202,0.00672606,0.00224202,0.00672606,0.00224202,0.00672606,0.00224202
694,311675,2.45557,1.25621,0.00415,0.83327,0.58668,0.65457,0.3464,2.39643,1.23441,0.00601,0.00668768,0.00222923,0.00668768,0.00222923,0.00668768,0.00222923,0.00668768,0.00222923
695,312008,2.46259,1.2563,0.00413,0.83399,0.58656,0.65463,0.34628,2.39611,1.23514,0.00601,0.00664938,0.00221646,0.00664938,0.00221646,0.00664938,0.00221646,0.00664938,0.00221646
696,312338,2.4531,1.25163,0.00412,0.83268,0.58711,0.65468,0.34629,2.39603,1.23616,0.00601,0.00661117,0.00220372,0.00661117,0.00220372,0.00661117,0.00220372,0.00661117,0.00220372
697,312665,2.46383,1.25399,0.00411,0.83304,0.58721,0.65459,0.34629,2.39704,1.23566,0.00601,0.00657305,0.00219102,0.00657305,0.00219102,0.00657305,0.00219102,0.00657305,0.00219102
698,312994,2.44931,1.25521,0.00411,0.83294,0.58716,0.65487,0.34665,2.39677,1.23649,0.00601,0.006535,0.00217833,0.006535,0.00217833,0.006535,0.00217833,0.006535,0.00217833
699,313326,2.44969,1.25566,0.00417,0.83163,0.58779,0.65473,0.34627,2.39657,1.23676,0.00601,0.00649705,0.00216568,0.00649705,0.00216568,0.00649705,0.00216568,0.00649705,0.00216568
700,313657,2.45507,1.25491,0.00414,0.8329,0.58701,0.65462,0.34671,2.39663,1.23671,0.00601,0.00645917,0.00215306,0.00645917,0.00215306,0.00645917,0.00215306,0.00645917,0.00215306
701,313989,2.46853,1.26682,0.00415,0.83123,0.58739,0.65469,0.34638,2.39615,1.23718,0.00601,0.00642139,0.00214046,0.00642139,0.00214046,0.00642139,0.00214046,0.00642139,0.00214046
702,314318,2.45443,1.25608,0.0041,0.8322,0.58744,0.65477,0.34639,2.396,1.23677,0.00601,0.00638369,0.0021279,0.00638369,0.0021279,0.00638369,0.0021279,0.00638369,0.0021279
703,314651,2.4677,1.25314,0.00408,0.83188,0.58774,0.65499,0.3464,2.3964,1.23703,0.00601,0.00634608,0.00211536,0.00634608,0.00211536,0.00634608,0.00211536,0.00634608,0.00211536
704,314981,2.452,1.247,0.0041,0.8321,0.58804,0.65506,0.34667,2.39662,1.23604,0.00601,0.00630855,0.00210285,0.00630855,0.00210285,0.00630855,0.00210285,0.00630855,0.00210285
705,315313,2.46174,1.26316,0.00415,0.83304,0.58787,0.65525,0.34688,2.3963,1.23686,0.00601,0.00627111,0.00209037,0.00627111,0.00209037,0.00627111,0.00209037,0.00627111,0.00209037
706,315644,2.47137,1.26355,0.00415,0.83298,0.58774,0.65497,0.34643,2.39683,1.23617,0.00602,0.00623376,0.00207792,0.00623376,0.00207792,0.00623376,0.00207792,0.00623376,0.00207792
707,315976,2.45361,1.26333,0.00416,0.83181,0.58817,0.65515,0.34671,2.397,1.23684,0.00602,0.0061965,0.0020655,0.0061965,0.0020655,0.0061965,0.0020655,0.0061965,0.0020655
708,316304,2.45958,1.27417,0.0041,0.83381,0.58683,0.65479,0.34663,2.39759,1.23541,0.00602,0.00615932,0.00205311,0.00615932,0.00205311,0.00615932,0.00205311,0.00615932,0.00205311
709,316633,2.45758,1.25637,0.00408,0.8337,0.58648,0.65451,0.346,2.39745,1.23753,0.00602,0.00612224,0.00204075,0.00612224,0.00204075,0.00612224,0.00204075,0.00612224,0.00204075
710,316992,2.43582,1.24698,0.00413,0.83416,0.58678,0.6547,0.34636,2.39762,1.23636,0.00602,0.00608524,0.00202841,0.00608524,0.00202841,0.00608524,0.00202841,0.00608524,0.00202841
711,317326,2.44963,1.25474,0.0041,0.83466,0.58688,0.65496,0.34607,2.39728,1.2365,0.00602,0.00604833,0.00201611,0.00604833,0.00201611,0.00604833,0.00201611,0.00604833,0.00201611
712,317659,2.45334,1.25835,0.00406,0.83483,0.58698,0.65492,0.34616,2.39709,1.23684,0.00602,0.00601151,0.00200384,0.00601151,0.00200384,0.00601151,0.00200384,0.00601151,0.00200384
713,317993,2.46019,1.25286,0.00405,0.83607,0.58673,0.65488,0.34652,2.39745,1.23645,0.00602,0.00597478,0.00199159,0.00597478,0.00199159,0.00597478,0.00199159,0.00597478,0.00199159
714,318320,2.43855,1.24966,0.00415,0.83364,0.58739,0.65484,0.34627,2.39722,1.23704,0.00602,0.00593815,0.00197938,0.00593815,0.00197938,0.00593815,0.00197938,0.00593815,0.00197938
715,318653,2.44129,1.25498,0.0041,0.835,0.58706,0.65496,0.34644,2.39696,1.23661,0.00601,0.0059016,0.0019672,0.0059016,0.0019672,0.0059016,0.0019672,0.0059016,0.0019672
716,318990,2.43283,1.25051,0.00411,0.83475,0.58676,0.65467,0.34616,2.39789,1.237,0.00601,0.00586515,0.00195505,0.00586515,0.00195505,0.00586515,0.00195505,0.00586515,0.00195505
717,319319,2.44988,1.25656,0.00412,0.83498,0.58683,0.6548,0.34627,2.39818,1.2369,0.00601,0.00582878,0.00194293,0.00582878,0.00194293,0.00582878,0.00194293,0.00582878,0.00194293
718,319645,2.42971,1.23501,0.00408,0.83444,0.58694,0.65457,0.34608,2.39801,1.23714,0.00601,0.00579251,0.00193084,0.00579251,0.00193084,0.00579251,0.00193084,0.00579251,0.00193084
719,319971,2.43375,1.25116,0.00408,0.83441,0.58673,0.65471,0.34612,2.39784,1.23805,0.00602,0.00575633,0.00191878,0.00575633,0.00191878,0.00575633,0.00191878,0.00575633,0.00191878
720,320676,2.42829,1.24319,0.00408,0.83463,0.58663,0.65471,0.34611,2.3978,1.23755,0.00602,0.00572025,0.00190675,0.00572025,0.00190675,0.00572025,0.00190675,0.00572025,0.00190675
721,321009,2.43575,1.24518,0.00407,0.83806,0.58511,0.65466,0.346,2.39862,1.23817,0.00602,0.00568425,0.00189475,0.00568425,0.00189475,0.00568425,0.00189475,0.00568425,0.00189475
722,321340,2.44226,1.25393,0.0041,0.83622,0.58583,0.65443,0.34619,2.39826,1.23798,0.00602,0.00564835,0.00188278,0.00564835,0.00188278,0.00564835,0.00188278,0.00564835,0.00188278
723,321671,2.44126,1.24146,0.00407,0.83566,0.58575,0.65442,0.34613,2.39867,1.23828,0.00602,0.00561255,0.00187085,0.00561255,0.00187085,0.00561255,0.00187085,0.00561255,0.00187085
724,322000,2.42995,1.22985,0.00408,0.83516,0.58559,0.65432,0.34643,2.3989,1.23803,0.00602,0.00557684,0.00185895,0.00557684,0.00185895,0.00557684,0.00185895,0.00557684,0.00185895
725,322327,2.4308,1.24305,0.0041,0.83656,0.5855,0.65449,0.34611,2.39999,1.23695,0.00602,0.00554122,0.00184707,0.00554122,0.00184707,0.00554122,0.00184707,0.00554122,0.00184707
726,324048,2.45126,1.25475,0.00404,0.83709,0.58506,0.65463,0.34627,2.39922,1.23754,0.00602,0.0055057,0.00183523,0.0055057,0.00183523,0.0055057,0.00183523,0.0055057,0.00183523
727,324380,2.44077,1.24866,0.00407,0.83715,0.58583,0.65473,0.34615,2.4003,1.23649,0.00603,0.00547027,0.00182342,0.00547027,0.00182342,0.00547027,0.00182342,0.00547027,0.00182342
728,324711,2.42455,1.24194,0.00406,0.83771,0.58547,0.65456,0.34602,2.40044,1.23762,0.00603,0.00543494,0.00181165,0.00543494,0.00181165,0.00543494,0.00181165,0.00543494,0.00181165
729,325040,2.44173,1.24892,0.00405,0.83707,0.58573,0.65461,0.34608,2.40067,1.23713,0.00603,0.0053997,0.0017999,0.0053997,0.0017999,0.0053997,0.0017999,0.0053997,0.0017999
730,325364,2.42835,1.24722,0.00405,0.83654,0.58557,0.65451,0.34589,2.40073,1.2388,0.00603,0.00536456,0.00178819,0.00536456,0.00178819,0.00536456,0.00178819,0.00536456,0.00178819
731,330946,2.42618,1.24058,0.00407,0.83728,0.58564,0.65457,0.34594,2.40125,1.23845,0.00603,0.00532952,0.00177651,0.00532952,0.00177651,0.00532952,0.00177651,0.00532952,0.00177651
732,331286,2.42931,1.23182,0.00405,0.83769,0.58612,0.65497,0.34613,2.40142,1.23718,0.00603,0.00529457,0.00176486,0.00529457,0.00176486,0.00529457,0.00176486,0.00529457,0.00176486
733,331618,2.44203,1.24491,0.00402,0.83894,0.58539,0.65478,0.34617,2.40165,1.23691,0.00603,0.00525972,0.00175324,0.00525972,0.00175324,0.00525972,0.00175324,0.00525972,0.00175324
734,331951,2.43545,1.23996,0.00402,0.83766,0.5858,0.65485,0.3461,2.40184,1.23756,0.00603,0.00522497,0.00174166,0.00522497,0.00174166,0.00522497,0.00174166,0.00522497,0.00174166
735,332275,2.42372,1.2356,0.00403,0.83656,0.58615,0.655,0.34598,2.40127,1.23888,0.00603,0.00519032,0.00173011,0.00519032,0.00173011,0.00519032,0.00173011,0.00519032,0.00173011
736,332601,2.4378,1.24351,0.00406,0.83583,0.58651,0.65496,0.346,2.40196,1.23895,0.00603,0.00515576,0.00171859,0.00515576,0.00171859,0.00515576,0.00171859,0.00515576,0.00171859
737,342122,2.43182,1.24024,0.00404,0.83567,0.58633,0.65481,0.34598,2.40234,1.23842,0.00603,0.00512131,0.0017071,0.00512131,0.0017071,0.00512131,0.0017071,0.00512131,0.0017071
738,342451,2.43685,1.24356,0.00401,0.83593,0.58643,0.65499,0.34577,2.40283,1.23896,0.00603,0.00508695,0.00169565,0.00508695,0.00169565,0.00508695,0.00169565,0.00508695,0.00169565
739,342780,2.43299,1.23538,0.004,0.83595,0.58638,0.6549,0.3458,2.40311,1.23874,0.00603,0.00505269,0.00168423,0.00505269,0.00168423,0.00505269,0.00168423,0.00505269,0.00168423
740,343115,2.44301,1.24252,0.00404,0.83579,0.58633,0.65473,0.34587,2.40346,1.23892,0.00604,0.00501853,0.00167284,0.00501853,0.00167284,0.00501853,0.00167284,0.00501853,0.00167284
741,343447,2.42021,1.22992,0.00406,0.83592,0.58613,0.65471,0.3459,2.40347,1.23894,0.00604,0.00498448,0.00166149,0.00498448,0.00166149,0.00498448,0.00166149,0.00498448,0.00166149
742,343775,2.44156,1.23779,0.00402,0.83564,0.58623,0.65468,0.34582,2.40426,1.23845,0.00604,0.00495052,0.00165017,0.00495052,0.00165017,0.00495052,0.00165017,0.00495052,0.00165017
743,344103,2.40238,1.21386,0.00402,0.8362,0.5859,0.65475,0.34583,2.40467,1.238,0.00604,0.00491666,0.00163889,0.00491666,0.00163889,0.00491666,0.00163889,0.00491666,0.00163889
744,344444,2.4161,1.22961,0.00402,0.83615,0.58595,0.65461,0.34559,2.4046,1.23784,0.00604,0.0048829,0.00162763,0.0048829,0.00162763,0.0048829,0.00162763,0.0048829,0.00162763
745,344781,2.39966,1.21817,0.00403,0.83584,0.58615,0.6545,0.34565,2.40421,1.23787,0.00604,0.00484925,0.00161642,0.00484925,0.00161642,0.00484925,0.00161642,0.00484925,0.00161642
746,345112,2.4105,1.22988,0.004,0.83662,0.58603,0.65467,0.34562,2.40486,1.23744,0.00604,0.00481569,0.00160523,0.00481569,0.00160523,0.00481569,0.00160523,0.00481569,0.00160523
747,345443,2.40652,1.22141,0.00399,0.8368,0.586,0.6547,0.34603,2.40512,1.23746,0.00604,0.00478224,0.00159408,0.00478224,0.00159408,0.00478224,0.00159408,0.00478224,0.00159408
748,345772,2.42074,1.24509,0.004,0.83729,0.5858,0.65487,0.34568,2.40499,1.23781,0.00604,0.00474889,0.00158296,0.00474889,0.00158296,0.00474889,0.00158296,0.00474889,0.00158296
749,346101,2.41126,1.22927,0.00397,0.83732,0.58557,0.65463,0.34561,2.40448,1.23821,0.00604,0.00471565,0.00157188,0.00471565,0.00157188,0.00471565,0.00157188,0.00471565,0.00157188
750,348276,2.42379,1.23679,0.00396,0.83721,0.58585,0.65464,0.34547,2.40493,1.23866,0.00604,0.0046825,0.00156083,0.0046825,0.00156083,0.0046825,0.00156083,0.0046825,0.00156083
751,348612,2.4232,1.23245,0.00399,0.83689,0.58615,0.65464,0.34555,2.4047,1.23871,0.00604,0.00464946,0.00154982,0.00464946,0.00154982,0.00464946,0.00154982,0.00464946,0.00154982
752,348945,2.41541,1.22523,0.00399,0.83542,0.58656,0.65459,0.34535,2.40503,1.23914,0.00605,0.00461653,0.00153884,0.00461653,0.00153884,0.00461653,0.00153884,0.00461653,0.00153884
753,349279,2.42065,1.23056,0.00398,0.8366,0.58633,0.65458,0.34545,2.40478,1.2388,0.00605,0.0045837,0.0015279,0.0045837,0.0015279,0.0045837,0.0015279,0.0045837,0.0015279
754,349603,2.39861,1.21985,0.004,0.83512,0.58628,0.65438,0.34504,2.40559,1.24042,0.00605,0.00455097,0.00151699,0.00455097,0.00151699,0.00455097,0.00151699,0.00455097,0.00151699
755,349931,2.41304,1.23033,0.00404,0.83699,0.58605,0.65449,0.34496,2.40621,1.2402,0.00605,0.00451834,0.00150611,0.00451834,0.00150611,0.00451834,0.00150611,0.00451834,0.00150611
756,350260,2.41093,1.22431,0.00396,0.83704,0.58603,0.65447,0.34503,2.40622,1.23936,0.00605,0.00448582,0.00149527,0.00448582,0.00149527,0.00448582,0.00149527,0.00448582,0.00149527
757,350591,2.4171,1.22887,0.00397,0.83716,0.586,0.65479,0.34531,2.40596,1.23884,0.00605,0.00445341,0.00148447,0.00445341,0.00148447,0.00445341,0.00148447,0.00445341,0.00148447
758,350924,2.40711,1.21878,0.00398,0.83673,0.58583,0.65453,0.34507,2.40703,1.2399,0.00605,0.0044211,0.0014737,0.0044211,0.0014737,0.0044211,0.0014737,0.0044211,0.0014737
759,351255,2.40338,1.21837,0.00395,0.83644,0.58577,0.65453,0.34491,2.40745,1.24063,0.00605,0.0043889,0.00146297,0.0043889,0.00146297,0.0043889,0.00146297,0.0043889,0.00146297
760,351586,2.40432,1.23019,0.00397,0.83677,0.5859,0.65484,0.3453,2.40597,1.24001,0.00605,0.00435681,0.00145227,0.00435681,0.00145227,0.00435681,0.00145227,0.00435681,0.00145227
761,351919,2.39987,1.23107,0.00395,0.83645,0.58636,0.65492,0.34529,2.40615,1.24043,0.00605,0.00432482,0.00144161,0.00432482,0.00144161,0.00432482,0.00144161,0.00432482,0.00144161
762,352252,2.41652,1.22771,0.00393,0.8362,0.58656,0.65506,0.34541,2.40593,1.24031,0.00605,0.00429293,0.00143098,0.00429293,0.00143098,0.00429293,0.00143098,0.00429293,0.00143098
763,352588,2.40081,1.22269,0.00394,0.8362,0.58656,0.65504,0.34523,2.40709,1.24014,0.00605,0.00426116,0.00142039,0.00426116,0.00142039,0.00426116,0.00142039,0.00426116,0.00142039
764,352921,2.40477,1.2215,0.00399,0.83714,0.58671,0.65527,0.34539,2.40704,1.2396,0.00605,0.00422949,0.00140983,0.00422949,0.00140983,0.00422949,0.00140983,0.00422949,0.00140983
765,353250,2.39761,1.22351,0.00398,0.83668,0.58668,0.65529,0.34517,2.4068,1.23983,0.00605,0.00419793,0.00139931,0.00419793,0.00139931,0.00419793,0.00139931,0.00419793,0.00139931
766,353576,2.41571,1.22753,0.00393,0.83659,0.58681,0.65526,0.3451,2.40774,1.23909,0.00605,0.00416648,0.00138883,0.00416648,0.00138883,0.00416648,0.00138883,0.00416648,0.00138883
767,353904,2.41803,1.22732,0.00397,0.83755,0.58651,0.65509,0.345,2.40798,1.24051,0.00605,0.00413513,0.00137838,0.00413513,0.00137838,0.00413513,0.00137838,0.00413513,0.00137838
768,354235,2.40573,1.21787,0.00395,0.83538,0.58767,0.65526,0.34526,2.40755,1.24086,0.00605,0.0041039,0.00136797,0.0041039,0.00136797,0.0041039,0.00136797,0.0041039,0.00136797
769,354567,2.3999,1.22499,0.00394,0.83772,0.58676,0.6553,0.34508,2.40808,1.24086,0.00605,0.00407277,0.00135759,0.00407277,0.00135759,0.00407277,0.00135759,0.00407277,0.00135759
770,354897,2.38249,1.2081,0.00395,0.83699,0.58736,0.65563,0.34526,2.40771,1.24019,0.00605,0.00404176,0.00134725,0.00404176,0.00134725,0.00404176,0.00134725,0.00404176,0.00134725
771,355224,2.41832,1.23364,0.00391,0.83777,0.58643,0.65554,0.34518,2.40862,1.23976,0.00605,0.00401085,0.00133695,0.00401085,0.00133695,0.00401085,0.00133695,0.00401085,0.00133695
772,355550,2.4022,1.22413,0.00392,0.83811,0.58648,0.65562,0.34518,2.40826,1.24044,0.00605,0.00398005,0.00132668,0.00398005,0.00132668,0.00398005,0.00132668,0.00398005,0.00132668
773,356574,2.3933,1.21791,0.00392,0.83784,0.58635,0.65574,0.34521,2.40807,1.24064,0.00605,0.00394937,0.00131646,0.00394937,0.00131646,0.00394937,0.00131646,0.00394937,0.00131646
774,356908,2.3734,1.21185,0.00397,0.8381,0.58643,0.65541,0.34521,2.40849,1.24061,0.00605,0.00391879,0.00130626,0.00391879,0.00130626,0.00391879,0.00130626,0.00391879,0.00130626
775,357241,2.39504,1.22078,0.0039,0.83776,0.58678,0.65543,0.34509,2.40852,1.24097,0.00605,0.00388833,0.00129611,0.00388833,0.00129611,0.00388833,0.00129611,0.00388833,0.00129611
776,357572,2.40009,1.21767,0.00388,0.83699,0.58696,0.65547,0.34515,2.4086,1.24115,0.00605,0.00385797,0.00128599,0.00385797,0.00128599,0.00385797,0.00128599,0.00385797,0.00128599
777,357907,2.4098,1.22015,0.00391,0.83756,0.58671,0.65549,0.34491,2.40943,1.24084,0.00605,0.00382773,0.00127591,0.00382773,0.00127591,0.00382773,0.00127591,0.00382773,0.00127591
778,358240,2.40392,1.21779,0.00391,0.83679,0.58726,0.65536,0.34485,2.40935,1.24108,0.00605,0.0037976,0.00126587,0.0037976,0.00126587,0.0037976,0.00126587,0.0037976,0.00126587
779,358567,2.39714,1.22423,0.00392,0.83635,0.58772,0.65545,0.34489,2.40919,1.24155,0.00605,0.00376758,0.00125586,0.00376758,0.00125586,0.00376758,0.00125586,0.00376758,0.00125586
780,358894,2.38068,1.20904,0.00393,0.83576,0.58739,0.65525,0.34482,2.40867,1.24267,0.00605,0.00373767,0.00124589,0.00373767,0.00124589,0.00373767,0.00124589,0.00373767,0.00124589
781,359222,2.37381,1.19989,0.00393,0.8358,0.58757,0.65539,0.34479,2.40896,1.2413,0.00605,0.00370788,0.00123596,0.00370788,0.00123596,0.00370788,0.00123596,0.00370788,0.00123596
782,361793,2.39286,1.21264,0.00392,0.83659,0.58757,0.65558,0.34477,2.40901,1.24175,0.00605,0.0036782,0.00122607,0.0036782,0.00122607,0.0036782,0.00122607,0.0036782,0.00122607
783,362125,2.37613,1.20255,0.00389,0.83841,0.58658,0.65543,0.34466,2.41005,1.24107,0.00605,0.00364863,0.00121621,0.00364863,0.00121621,0.00364863,0.00121621,0.00364863,0.00121621
784,362457,2.39057,1.21071,0.00392,0.836,0.58762,0.65553,0.34457,2.40999,1.24128,0.00606,0.00361918,0.00120639,0.00361918,0.00120639,0.00361918,0.00120639,0.00361918,0.00120639
785,362788,2.38064,1.21788,0.00394,0.83838,0.58671,0.65548,0.34484,2.40959,1.24156,0.00606,0.00358983,0.00119661,0.00358983,0.00119661,0.00358983,0.00119661,0.00358983,0.00119661
786,363122,2.41473,1.23223,0.00386,0.83917,0.58605,0.65545,0.34455,2.40926,1.2417,0.00606,0.00356061,0.00118687,0.00356061,0.00118687,0.00356061,0.00118687,0.00356061,0.00118687
787,363453,2.38297,1.2178,0.00389,0.83834,0.58668,0.65537,0.34427,2.41004,1.24206,0.00606,0.0035315,0.00117717,0.0035315,0.00117717,0.0035315,0.00117717,0.0035315,0.00117717
788,363783,2.38866,1.21847,0.00387,0.83923,0.58585,0.65533,0.34418,2.4096,1.2424,0.00606,0.0035025,0.0011675,0.0035025,0.0011675,0.0035025,0.0011675,0.0035025,0.0011675
789,364116,2.39597,1.22246,0.0039,0.83724,0.58701,0.65548,0.34417,2.40973,1.24321,0.00606,0.00347362,0.00115787,0.00347362,0.00115787,0.00347362,0.00115787,0.00347362,0.00115787
790,364448,2.3893,1.2154,0.00391,0.83909,0.5863,0.65552,0.34426,2.41078,1.24265,0.00607,0.00344485,0.00114828,0.00344485,0.00114828,0.00344485,0.00114828,0.00344485,0.00114828
791,364779,2.36338,1.19506,0.00392,0.83868,0.58673,0.65584,0.34447,2.4103,1.24248,0.00607,0.0034162,0.00113873,0.0034162,0.00113873,0.0034162,0.00113873,0.0034162,0.00113873
792,365113,2.39531,1.21165,0.00385,0.83874,0.58643,0.65553,0.34429,2.4107,1.24318,0.00607,0.00338766,0.00112922,0.00338766,0.00112922,0.00338766,0.00112922,0.00338766,0.00112922
793,365441,2.37901,1.21345,0.00391,0.84055,0.5856,0.65558,0.34435,2.4106,1.2436,0.00607,0.00335924,0.00111975,0.00335924,0.00111975,0.00335924,0.00111975,0.00335924,0.00111975
794,365769,2.40112,1.22445,0.00386,0.83879,0.58588,0.65545,0.34418,2.41171,1.24334,0.00607,0.00333094,0.00111031,0.00333094,0.00111031,0.00333094,0.00111031,0.00333094,0.00111031
795,366095,2.37611,1.21207,0.0039,0.83979,0.58549,0.65551,0.34424,2.41139,1.24374,0.00607,0.00330275,0.00110092,0.00330275,0.00110092,0.00330275,0.00110092,0.00330275,0.00110092
796,385767,2.37705,1.2096,0.00387,0.83827,0.5861,0.65541,0.34413,2.41206,1.24457,0.00607,0.00327468,0.00109156,0.00327468,0.00109156,0.00327468,0.00109156,0.00327468,0.00109156
797,386100,2.38444,1.20903,0.00388,0.8376,0.5861,0.65536,0.34412,2.41212,1.24419,0.00607,0.00324673,0.00108224,0.00324673,0.00108224,0.00324673,0.00108224,0.00324673,0.00108224
798,386433,2.3749,1.20667,0.00385,0.83931,0.5855,0.65538,0.3442,2.41235,1.24502,0.00607,0.0032189,0.00107297,0.0032189,0.00107297,0.0032189,0.00107297,0.0032189,0.00107297
799,386762,2.38017,1.21893,0.00386,0.8394,0.5855,0.65547,0.3439,2.41241,1.24457,0.00607,0.00319118,0.00106373,0.00319118,0.00106373,0.00319118,0.00106373,0.00319118,0.00106373
800,387089,2.35753,1.19948,0.00385,0.83897,0.5856,0.65549,0.34432,2.41263,1.24442,0.00607,0.00316358,0.00105453,0.00316358,0.00105453,0.00316358,0.00105453,0.00316358,0.00105453
801,403481,2.36549,1.20508,0.00388,0.8395,0.58532,0.65527,0.34405,2.41356,1.24547,0.00607,0.0031361,0.00104537,0.0031361,0.00104537,0.0031361,0.00104537,0.0031361,0.00104537
802,403812,2.36944,1.20703,0.00386,0.83931,0.58511,0.65538,0.34408,2.41325,1.24545,0.00607,0.00310874,0.00103625,0.00310874,0.00103625,0.00310874,0.00103625,0.00310874,0.00103625
803,404151,2.38027,1.20579,0.00387,0.83879,0.58537,0.65547,0.34421,2.41386,1.24486,0.00607,0.00308149,0.00102716,0.00308149,0.00102716,0.00308149,0.00102716,0.00308149,0.00102716
804,404494,2.38622,1.20974,0.00383,0.83905,0.5849,0.65547,0.34465,2.41402,1.24538,0.00608,0.00305437,0.00101812,0.00305437,0.00101812,0.00305437,0.00101812,0.00305437,0.00101812
805,404825,2.37163,1.20422,0.00387,0.8395,0.58484,0.65539,0.34399,2.4145,1.24487,0.00608,0.00302736,0.00100912,0.00302736,0.00100912,0.00302736,0.00100912,0.00302736,0.00100912
806,405151,2.36939,1.20795,0.00385,0.83971,0.58459,0.65531,0.3439,2.41435,1.24561,0.00608,0.00300048,0.00100016,0.00300048,0.00100016,0.00300048,0.00100016,0.00300048,0.00100016
807,405478,2.35057,1.19965,0.00386,0.83855,0.58522,0.65549,0.34405,2.41423,1.24654,0.00608,0.00297371,0.000991237,0.00297371,0.000991237,0.00297371,0.000991237,0.00297371,0.000991237
808,409713,2.37286,1.19925,0.00384,0.83992,0.5851,0.65551,0.34432,2.41428,1.24644,0.00607,0.00294707,0.000982355,0.00294707,0.000982355,0.00294707,0.000982355,0.00294707,0.000982355
809,410047,2.36066,1.20082,0.00382,0.83935,0.58568,0.65576,0.34412,2.41428,1.24688,0.00607,0.00292054,0.000973514,0.00292054,0.000973514,0.00292054,0.000973514,0.00292054,0.000973514
810,410381,2.36208,1.1899,0.00384,0.84005,0.5854,0.65581,0.34414,2.41465,1.24595,0.00607,0.00289414,0.000964712,0.00289414,0.000964712,0.00289414,0.000964712,0.00289414,0.000964712
811,410710,2.36293,1.19713,0.00383,0.83877,0.5855,0.65564,0.34446,2.41438,1.24682,0.00607,0.00286785,0.000955951,0.00286785,0.000955951,0.00286785,0.000955951,0.00286785,0.000955951
812,411038,2.35354,1.20032,0.00386,0.83848,0.58515,0.65554,0.34426,2.41541,1.24712,0.00607,0.00284169,0.00094723,0.00284169,0.00094723,0.00284169,0.00094723,0.00284169,0.00094723
813,411369,2.37783,1.20528,0.00382,0.8381,0.58537,0.65541,0.34385,2.41558,1.24725,0.00607,0.00281565,0.00093855,0.00281565,0.00093855,0.00281565,0.00093855,0.00281565,0.00093855
814,421173,2.35263,1.19765,0.00384,0.83855,0.58532,0.6557,0.34417,2.41568,1.24701,0.00607,0.00278973,0.000929911,0.00278973,0.000929911,0.00278973,0.000929911,0.00278973,0.000929911
815,421506,2.3581,1.20444,0.00384,0.83982,0.58517,0.65586,0.34438,2.41574,1.24743,0.00607,0.00276394,0.000921312,0.00276394,0.000921312,0.00276394,0.000921312,0.00276394,0.000921312
816,421839,2.33845,1.18531,0.00385,0.83961,0.58526,0.65592,0.34457,2.41535,1.24646,0.00607,0.00273826,0.000912754,0.00273826,0.000912754,0.00273826,0.000912754,0.00273826,0.000912754
817,422171,2.37946,1.20987,0.00384,0.83873,0.58564,0.65599,0.34463,2.41546,1.24625,0.00607,0.00271271,0.000904236,0.00271271,0.000904236,0.00271271,0.000904236,0.00271271,0.000904236
818,422502,2.38416,1.21981,0.0038,0.83847,0.5859,0.65579,0.34443,2.41584,1.24634,0.00607,0.00268728,0.00089576,0.00268728,0.00089576,0.00268728,0.00089576,0.00268728,0.00089576
819,422830,2.34264,1.18573,0.00382,0.83868,0.58567,0.65587,0.34442,2.41536,1.24598,0.00607,0.00266197,0.000887324,0.00266197,0.000887324,0.00266197,0.000887324,0.00266197,0.000887324
820,423158,2.37478,1.20679,0.00382,0.83895,0.586,0.65615,0.34432,2.4154,1.24648,0.00607,0.00263679,0.00087893,0.00263679,0.00087893,0.00263679,0.00087893,0.00263679,0.00087893
821,424495,2.352,1.19345,0.00383,0.83821,0.58583,0.65607,0.34429,2.41528,1.24702,0.00607,0.00261173,0.000870577,0.00261173,0.000870577,0.00261173,0.000870577,0.00261173,0.000870577
822,424826,2.33507,1.19268,0.00384,0.83714,0.58595,0.6559,0.34436,2.4155,1.24749,0.00608,0.00258679,0.000862265,0.00258679,0.000862265,0.00258679,0.000862265,0.00258679,0.000862265
823,425160,2.34449,1.19105,0.00382,0.83773,0.58552,0.65575,0.34418,2.41591,1.24838,0.00608,0.00256198,0.000853994,0.00256198,0.000853994,0.00256198,0.000853994,0.00256198,0.000853994
824,425492,2.35101,1.18866,0.00378,0.83565,0.5864,0.65576,0.34409,2.41602,1.24819,0.00608,0.0025373,0.000845765,0.0025373,0.000845765,0.0025373,0.000845765,0.0025373,0.000845765
825,425826,2.36114,1.20099,0.00377,0.83654,0.58646,0.65584,0.34406,2.41606,1.24838,0.00608,0.00251273,0.000837577,0.00251273,0.000837577,0.00251273,0.000837577,0.00251273,0.000837577
826,426157,2.36477,1.20736,0.00381,0.83648,0.58631,0.65577,0.34379,2.41681,1.24926,0.00608,0.00248829,0.000829431,0.00248829,0.000829431,0.00248829,0.000829431,0.00248829,0.000829431
827,426488,2.34861,1.19457,0.00381,0.83759,0.586,0.65576,0.34379,2.41725,1.25039,0.00608,0.00246398,0.000821327,0.00246398,0.000821327,0.00246398,0.000821327,0.00246398,0.000821327
828,426815,2.34726,1.19589,0.00381,0.83739,0.58584,0.65559,0.34384,2.4179,1.24986,0.00609,0.00243979,0.000813264,0.00243979,0.000813264,0.00243979,0.000813264,0.00243979,0.000813264
829,427143,2.35718,1.20097,0.00378,0.83646,0.58612,0.6556,0.34381,2.41761,1.24971,0.00609,0.00241573,0.000805243,0.00241573,0.000805243,0.00241573,0.000805243,0.00241573,0.000805243
830,427636,2.35368,1.18866,0.0038,0.83714,0.58631,0.65562,0.34389,2.41886,1.24908,0.00609,0.00239179,0.000797264,0.00239179,0.000797264,0.00239179,0.000797264,0.00239179,0.000797264
831,427964,2.3521,1.19482,0.00375,0.83738,0.58595,0.65544,0.34369,2.41828,1.25007,0.00609,0.00236798,0.000789327,0.00236798,0.000789327,0.00236798,0.000789327,0.00236798,0.000789327
832,428293,2.35213,1.20283,0.00378,0.83801,0.58529,0.65531,0.34369,2.41916,1.24893,0.0061,0.0023443,0.000781432,0.0023443,0.000781432,0.0023443,0.000781432,0.0023443,0.000781432
833,428622,2.34091,1.1884,0.00381,0.83697,0.58593,0.65528,0.34364,2.41871,1.25006,0.00609,0.00232074,0.000773579,0.00232074,0.000773579,0.00232074,0.000773579,0.00232074,0.000773579
834,428951,2.35137,1.1861,0.00381,0.83911,0.58537,0.65554,0.34366,2.41882,1.25002,0.00609,0.00229731,0.000765768,0.00229731,0.000765768,0.00229731,0.000765768,0.00229731,0.000765768
835,429294,2.35063,1.19516,0.00383,0.83834,0.58545,0.65516,0.34339,2.41911,1.25049,0.00609,0.002274,0.000758,0.002274,0.000758,0.002274,0.000758,0.002274,0.000758
836,429620,2.34955,1.19292,0.00381,0.83816,0.58573,0.65531,0.34334,2.4189,1.25039,0.00609,0.00225082,0.000750274,0.00225082,0.000750274,0.00225082,0.000750274,0.00225082,0.000750274
837,429949,2.34273,1.18426,0.00376,0.83852,0.58545,0.65534,0.34313,2.41872,1.25048,0.00608,0.00222777,0.00074259,0.00222777,0.00074259,0.00222777,0.00074259,0.00222777,0.00074259
838,430275,2.33279,1.1825,0.00377,0.8377,0.58574,0.65518,0.3431,2.41856,1.2508,0.00609,0.00220485,0.000734949,0.00220485,0.000734949,0.00220485,0.000734949,0.00220485,0.000734949
839,431600,2.34812,1.1859,0.00381,0.8383,0.58552,0.65502,0.34284,2.42009,1.25077,0.00609,0.00218205,0.000727351,0.00218205,0.000727351,0.00218205,0.000727351,0.00218205,0.000727351
840,431934,2.3349,1.18247,0.00379,0.83806,0.58527,0.65473,0.34287,2.42018,1.25071,0.00609,0.00215939,0.000719795,0.00215939,0.000719795,0.00215939,0.000719795,0.00215939,0.000719795
841,432270,2.33955,1.18164,0.00375,0.83845,0.58565,0.65487,0.34295,2.42073,1.25079,0.00609,0.00213685,0.000712282,0.00213685,0.000712282,0.00213685,0.000712282,0.00213685,0.000712282
842,432606,2.3604,1.1989,0.00376,0.83864,0.58523,0.65483,0.34292,2.42031,1.25182,0.00609,0.00211443,0.000704812,0.00211443,0.000704812,0.00211443,0.000704812,0.00211443,0.000704812
843,432947,2.34735,1.18434,0.00377,0.83793,0.58559,0.65483,0.34294,2.42047,1.25118,0.00609,0.00209215,0.000697384,0.00209215,0.000697384,0.00209215,0.000697384,0.00209215,0.000697384
844,433276,2.33344,1.17506,0.00374,0.83771,0.58573,0.65487,0.34294,2.42084,1.25159,0.0061,0.00207,0.00069,0.00207,0.00069,0.00207,0.00069,0.00207,0.00069
845,433605,2.33448,1.17824,0.00374,0.83751,0.58559,0.65469,0.34286,2.42091,1.25182,0.0061,0.00204798,0.000682658,0.00204798,0.000682658,0.00204798,0.000682658,0.00204798,0.000682658
846,433951,2.34718,1.18713,0.00374,0.83779,0.58595,0.65482,0.34289,2.42123,1.25234,0.0061,0.00202608,0.00067536,0.00202608,0.00067536,0.00202608,0.00067536,0.00202608,0.00067536
847,434282,2.34039,1.18588,0.00379,0.83736,0.58561,0.65468,0.34265,2.42166,1.25256,0.0061,0.00200432,0.000668105,0.00200432,0.000668105,0.00200432,0.000668105,0.00200432,0.000668105
848,434613,2.33944,1.18937,0.00379,0.83747,0.58588,0.65486,0.34275,2.42177,1.25209,0.0061,0.00198268,0.000660893,0.00198268,0.000660893,0.00198268,0.000660893,0.00198268,0.000660893
849,434946,2.31515,1.17849,0.00378,0.83814,0.58563,0.655,0.34292,2.42201,1.25219,0.0061,0.00196117,0.000653725,0.00196117,0.000653725,0.00196117,0.000653725,0.00196117,0.000653725
850,435274,2.3022,1.16902,0.00377,0.83737,0.58576,0.65457,0.34275,2.42311,1.25226,0.0061,0.0019398,0.000646599,0.0019398,0.000646599,0.0019398,0.000646599,0.0019398,0.000646599
851,435601,2.33283,1.18483,0.00372,0.83787,0.58563,0.65456,0.34279,2.42357,1.25182,0.0061,0.00191855,0.000639518,0.00191855,0.000639518,0.00191855,0.000639518,0.00191855,0.000639518
852,436655,2.33116,1.18932,0.00375,0.83782,0.58564,0.65458,0.34253,2.42326,1.25242,0.0061,0.00189744,0.00063248,0.00189744,0.00063248,0.00189744,0.00063248,0.00189744,0.00063248
853,436994,2.33502,1.1795,0.00373,0.83823,0.58575,0.65484,0.34279,2.4231,1.25292,0.0061,0.00187645,0.000625485,0.00187645,0.000625485,0.00187645,0.000625485,0.00187645,0.000625485
854,437327,2.34455,1.18731,0.00374,0.83823,0.58588,0.65494,0.34278,2.42368,1.25295,0.00611,0.0018556,0.000618534,0.0018556,0.000618534,0.0018556,0.000618534,0.0018556,0.000618534
855,437660,2.32842,1.18509,0.00375,0.83826,0.58603,0.65484,0.3427,2.42411,1.25329,0.00611,0.00183488,0.000611627,0.00183488,0.000611627,0.00183488,0.000611627,0.00183488,0.000611627
856,437990,2.32252,1.1809,0.00375,0.83705,0.58588,0.65459,0.34269,2.42429,1.25291,0.00611,0.00181429,0.000604763,0.00181429,0.000604763,0.00181429,0.000604763,0.00181429,0.000604763
857,438315,2.32211,1.17215,0.00374,0.83761,0.5854,0.65463,0.34244,2.4243,1.25266,0.00611,0.00179383,0.000597944,0.00179383,0.000597944,0.00179383,0.000597944,0.00179383,0.000597944
858,439500,2.316,1.17427,0.00374,0.83767,0.58576,0.65465,0.34235,2.42482,1.25298,0.00611,0.00177351,0.000591168,0.00177351,0.000591168,0.00177351,0.000591168,0.00177351,0.000591168
859,439832,2.32275,1.1745,0.00374,0.83728,0.5857,0.65476,0.34266,2.42547,1.2526,0.00611,0.00175331,0.000584437,0.00175331,0.000584437,0.00175331,0.000584437,0.00175331,0.000584437
860,440163,2.32949,1.18324,0.00374,0.83807,0.58594,0.65468,0.34266,2.42539,1.25155,0.00612,0.00173325,0.000577749,0.00173325,0.000577749,0.00173325,0.000577749,0.00173325,0.000577749
861,440495,2.32279,1.17861,0.00372,0.8378,0.58573,0.65457,0.34226,2.42549,1.25225,0.00612,0.00171332,0.000571106,0.00171332,0.000571106,0.00171332,0.000571106,0.00171332,0.000571106
862,440822,2.31796,1.16801,0.00371,0.83688,0.58605,0.65435,0.34236,2.42602,1.25238,0.00612,0.00169352,0.000564507,0.00169352,0.000564507,0.00169352,0.000564507,0.00169352,0.000564507
863,441149,2.3336,1.17827,0.00374,0.83729,0.58594,0.65449,0.34238,2.42653,1.25259,0.00612,0.00167386,0.000557952,0.00167386,0.000557952,0.00167386,0.000557952,0.00167386,0.000557952
864,442437,2.33692,1.18072,0.00372,0.83827,0.58603,0.65467,0.3424,2.42615,1.25281,0.00612,0.00165432,0.000551442,0.00165432,0.000551442,0.00165432,0.000551442,0.00165432,0.000551442
865,442773,2.31088,1.16708,0.00377,0.83895,0.58515,0.65441,0.34233,2.42742,1.2518,0.00612,0.00163493,0.000544975,0.00163493,0.000544975,0.00163493,0.000544975,0.00163493,0.000544975
866,443106,2.31818,1.169,0.00371,0.83827,0.58537,0.65438,0.34235,2.42707,1.25194,0.00612,0.00161566,0.000538554,0.00161566,0.000538554,0.00161566,0.000538554,0.00161566,0.000538554
867,443438,2.30736,1.17501,0.00372,0.83659,0.58632,0.6543,0.342,2.42788,1.25153,0.00612,0.00159653,0.000532177,0.00159653,0.000532177,0.00159653,0.000532177,0.00159653,0.000532177
868,443766,2.32115,1.17787,0.00372,0.83733,0.586,0.65437,0.34215,2.42799,1.25245,0.00612,0.00157753,0.000525844,0.00157753,0.000525844,0.00157753,0.000525844,0.00157753,0.000525844
869,444095,2.32047,1.17525,0.00372,0.83659,0.58646,0.6544,0.34215,2.4286,1.25276,0.00612,0.00155867,0.000519556,0.00155867,0.000519556,0.00155867,0.000519556,0.00155867,0.000519556
870,445309,2.32364,1.17547,0.00368,0.8369,0.58676,0.65454,0.34219,2.42956,1.25118,0.00613,0.00153994,0.000513313,0.00153994,0.000513313,0.00153994,0.000513313,0.00153994,0.000513313
871,445842,2.3142,1.16764,0.0037,0.83642,0.58689,0.6546,0.34213,2.42934,1.25224,0.00612,0.00152134,0.000507115,0.00152134,0.000507115,0.00152134,0.000507115,0.00152134,0.000507115
872,446374,2.2976,1.16973,0.00375,0.837,0.58664,0.65444,0.34213,2.42996,1.25154,0.00613,0.00150288,0.000500961,0.00150288,0.000500961,0.00150288,0.000500961,0.00150288,0.000500961
873,446918,2.30406,1.17349,0.00373,0.83629,0.58711,0.65464,0.34204,2.42915,1.25387,0.00612,0.00148456,0.000494852,0.00148456,0.000494852,0.00148456,0.000494852,0.00148456,0.000494852
874,447258,2.32276,1.17562,0.00371,0.83623,0.58648,0.65419,0.3419,2.42977,1.25398,0.00613,0.00146637,0.000488789,0.00146637,0.000488789,0.00146637,0.000488789,0.00146637,0.000488789
875,447594,2.31482,1.17041,0.00369,0.8367,0.58666,0.65463,0.34176,2.42982,1.25377,0.00613,0.00144831,0.00048277,0.00144831,0.00048277,0.00144831,0.00048277,0.00144831,0.00048277
876,447938,2.31907,1.18213,0.00368,0.83764,0.58658,0.65459,0.34173,2.43066,1.25371,0.00613,0.00143039,0.000476796,0.00143039,0.000476796,0.00143039,0.000476796,0.00143039,0.000476796
877,448274,2.32226,1.18283,0.00371,0.8368,0.58683,0.65451,0.34184,2.43035,1.25424,0.00612,0.0014126,0.000470868,0.0014126,0.000470868,0.0014126,0.000470868,0.0014126,0.000470868
878,448608,2.31188,1.17447,0.0037,0.83801,0.58646,0.65467,0.34179,2.43101,1.25387,0.00613,0.00139495,0.000464985,0.00139495,0.000464985,0.00139495,0.000464985,0.00139495,0.000464985
879,473531,2.31079,1.17277,0.00371,0.83885,0.58643,0.65478,0.34181,2.43148,1.25322,0.00613,0.00137744,0.000459146,0.00137744,0.000459146,0.00137744,0.000459146,0.00137744,0.000459146
880,473874,2.32347,1.18072,0.0037,0.8381,0.58671,0.65469,0.34181,2.43157,1.25373,0.00613,0.00136006,0.000453354,0.00136006,0.000453354,0.00136006,0.000453354,0.00136006,0.000453354
881,474223,2.31149,1.17304,0.00369,0.83824,0.58666,0.65478,0.34195,2.43079,1.25438,0.00613,0.00134282,0.000447606,0.00134282,0.000447606,0.00134282,0.000447606,0.00134282,0.000447606
882,474566,2.32488,1.18411,0.00367,0.83878,0.58638,0.65482,0.34189,2.43116,1.25434,0.00613,0.00132571,0.000441904,0.00132571,0.000441904,0.00132571,0.000441904,0.00132571,0.000441904
883,474905,2.32782,1.18644,0.00368,0.83846,0.58605,0.65459,0.3417,2.43189,1.25455,0.00613,0.00130874,0.000436248,0.00130874,0.000436248,0.00130874,0.000436248,0.00130874,0.000436248
884,475237,2.3003,1.16988,0.00368,0.83819,0.58603,0.65464,0.34172,2.43182,1.25457,0.00613,0.00129191,0.000430637,0.00129191,0.000430637,0.00129191,0.000430637,0.00129191,0.000430637
885,475569,2.32783,1.17579,0.00365,0.83907,0.58593,0.65457,0.34151,2.43206,1.25469,0.00614,0.00127522,0.000425072,0.00127522,0.000425072,0.00127522,0.000425072,0.00127522,0.000425072
886,475901,2.30404,1.16701,0.00369,0.83842,0.58641,0.65449,0.34157,2.43202,1.25538,0.00613,0.00125866,0.000419552,0.00125866,0.000419552,0.00125866,0.000419552,0.00125866,0.000419552
887,476233,2.29739,1.16152,0.00368,0.83747,0.58648,0.65437,0.34157,2.4325,1.25513,0.00614,0.00124223,0.000414078,0.00124223,0.000414078,0.00124223,0.000414078,0.00124223,0.000414078
888,476564,2.29816,1.16083,0.0037,0.83855,0.58618,0.65456,0.34126,2.43266,1.25574,0.00614,0.00122595,0.00040865,0.00122595,0.00040865,0.00122595,0.00040865,0.00122595,0.00040865
889,476895,2.29913,1.16533,0.00367,0.83815,0.58626,0.6546,0.34129,2.43288,1.25561,0.00614,0.0012098,0.000403267,0.0012098,0.000403267,0.0012098,0.000403267,0.0012098,0.000403267
890,477224,2.30076,1.16182,0.00365,0.83776,0.58707,0.65464,0.34128,2.43267,1.25618,0.00614,0.00119379,0.000397931,0.00119379,0.000397931,0.00119379,0.000397931,0.00119379,0.000397931
891,477549,2.31199,1.17433,0.00368,0.83717,0.58701,0.65452,0.34125,2.43323,1.25585,0.00614,0.00117792,0.00039264,0.00117792,0.00039264,0.00117792,0.00039264,0.00117792,0.00039264
892,482251,2.29082,1.15928,0.00368,0.83607,0.58755,0.65457,0.34159,2.43316,1.25595,0.00614,0.00116219,0.000387396,0.00116219,0.000387396,0.00116219,0.000387396,0.00116219,0.000387396
893,482588,2.30803,1.16894,0.00366,0.83556,0.5878,0.65471,0.34158,2.43347,1.25533,0.00614,0.00114659,0.000382197,0.00114659,0.000382197,0.00114659,0.000382197,0.00114659,0.000382197
894,482916,2.30084,1.16489,0.00368,0.83535,0.5878,0.65462,0.34148,2.43303,1.25599,0.00614,0.00113113,0.000377044,0.00113113,0.000377044,0.00113113,0.000377044,0.00113113,0.000377044
895,483244,2.30265,1.16323,0.00369,0.83523,0.58768,0.65455,0.34144,2.43281,1.25603,0.00614,0.00111581,0.000371938,0.00111581,0.000371938,0.00111581,0.000371938,0.00111581,0.000371938
896,483571,2.2982,1.16614,0.00369,0.83509,0.58777,0.65454,0.34155,2.43338,1.25565,0.00615,0.00110063,0.000366877,0.00110063,0.000366877,0.00110063,0.000366877,0.00110063,0.000366877
897,491453,2.30295,1.16941,0.00365,0.83497,0.58808,0.65462,0.34149,2.43365,1.25526,0.00615,0.00108559,0.000361863,0.00108559,0.000361863,0.00108559,0.000361863,0.00108559,0.000361863
898,491793,2.32273,1.17131,0.00367,0.83562,0.58793,0.65475,0.34136,2.43368,1.25605,0.00615,0.00107069,0.000356896,0.00107069,0.000356896,0.00107069,0.000356896,0.00107069,0.000356896
899,492135,2.30327,1.16477,0.00364,0.83738,0.58699,0.65471,0.34122,2.43378,1.25638,0.00615,0.00105592,0.000351974,0.00105592,0.000351974,0.00105592,0.000351974,0.00105592,0.000351974
900,492463,2.29894,1.16598,0.00365,0.83617,0.58812,0.65488,0.34113,2.43478,1.25516,0.00615,0.0010413,0.000347099,0.0010413,0.000347099,0.0010413,0.000347099,0.0010413,0.000347099
901,492790,2.31755,1.17231,0.00368,0.83627,0.58817,0.65492,0.3411,2.4351,1.25473,0.00615,0.00102681,0.00034227,0.00102681,0.00034227,0.00102681,0.00034227,0.00102681,0.00034227
902,493119,2.2939,1.16272,0.00365,0.8369,0.58752,0.65472,0.34114,2.4351,1.25467,0.00615,0.00101246,0.000337488,0.00101246,0.000337488,0.00101246,0.000337488,0.00101246,0.000337488
903,493453,2.30389,1.15821,0.00362,0.83613,0.58809,0.65496,0.3412,2.4347,1.25463,0.00615,0.000998257,0.000332752,0.000998257,0.000332752,0.000998257,0.000332752,0.000998257,0.000332752
904,493786,2.28331,1.15058,0.00368,0.83678,0.588,0.65499,0.34091,2.4347,1.25499,0.00616,0.000984189,0.000328063,0.000984189,0.000328063,0.000984189,0.000328063,0.000984189,0.000328063
905,494113,2.31184,1.17107,0.00362,0.83696,0.58792,0.65498,0.3411,2.43506,1.25416,0.00616,0.000970262,0.000323421,0.000970262,0.000323421,0.000970262,0.000323421,0.000970262,0.000323421
906,494439,2.29551,1.15766,0.00361,0.83643,0.58797,0.65492,0.34097,2.43562,1.25518,0.00616,0.000956474,0.000318825,0.000956474,0.000318825,0.000956474,0.000318825,0.000956474,0.000318825
907,494766,2.30104,1.16365,0.00364,0.83613,0.58782,0.65479,0.34089,2.43599,1.25489,0.00616,0.000942826,0.000314275,0.000942826,0.000314275,0.000942826,0.000314275,0.000942826,0.000314275
908,495122,2.28323,1.15301,0.00366,0.83673,0.58807,0.65492,0.34095,2.4363,1.25458,0.00616,0.000929319,0.000309773,0.000929319,0.000309773,0.000929319,0.000309773,0.000929319,0.000309773
909,495460,2.3023,1.16126,0.00368,0.83683,0.58772,0.65484,0.34095,2.43587,1.25542,0.00617,0.000915951,0.000305317,0.000915951,0.000305317,0.000915951,0.000305317,0.000915951,0.000305317
910,495793,2.30437,1.16851,0.00363,0.83704,0.58746,0.65474,0.34082,2.43666,1.25483,0.00617,0.000902725,0.000300908,0.000902725,0.000300908,0.000902725,0.000300908,0.000902725,0.000300908
911,496122,2.31674,1.17995,0.00362,0.83687,0.58777,0.65462,0.34092,2.43642,1.25471,0.00617,0.000889639,0.000296546,0.000889639,0.000296546,0.000889639,0.000296546,0.000889639,0.000296546
912,496456,2.29006,1.15963,0.00362,0.83709,0.58779,0.65487,0.3409,2.43674,1.2543,0.00617,0.000876693,0.000292231,0.000876693,0.000292231,0.000876693,0.000292231,0.000876693,0.000292231
913,496788,2.29956,1.16107,0.00361,0.83665,0.58762,0.65473,0.34091,2.43656,1.2547,0.00617,0.000863889,0.000287963,0.000863889,0.000287963,0.000863889,0.000287963,0.000863889,0.000287963
914,497118,2.2878,1.16425,0.00367,0.83728,0.58769,0.65493,0.34085,2.43673,1.25513,0.00617,0.000851226,0.000283742,0.000851226,0.000283742,0.000851226,0.000283742,0.000851226,0.000283742
915,497449,2.28831,1.15914,0.00366,0.83665,0.58799,0.65491,0.34088,2.43648,1.25422,0.00617,0.000838703,0.000279568,0.000838703,0.000279568,0.000838703,0.000279568,0.000838703,0.000279568
916,497782,2.31419,1.16728,0.00357,0.83708,0.58827,0.65488,0.34082,2.43658,1.25479,0.00617,0.000826322,0.000275441,0.000826322,0.000275441,0.000826322,0.000275441,0.000826322,0.000275441
917,498112,2.2992,1.15977,0.00366,0.83656,0.58797,0.65472,0.34087,2.43719,1.25448,0.00617,0.000814083,0.000271361,0.000814083,0.000271361,0.000814083,0.000271361,0.000814083,0.000271361
918,498439,2.30029,1.16241,0.00362,0.83675,0.58804,0.65483,0.34097,2.43726,1.25382,0.00617,0.000801984,0.000267328,0.000801984,0.000267328,0.000801984,0.000267328,0.000801984,0.000267328
919,498765,2.30257,1.17039,0.0036,0.83698,0.58825,0.65475,0.34088,2.43729,1.25425,0.00617,0.000790028,0.000263343,0.000790028,0.000263343,0.000790028,0.000263343,0.000790028,0.000263343
920,505874,2.27856,1.15119,0.00362,0.83657,0.58814,0.65476,0.34087,2.43716,1.25495,0.00617,0.000778213,0.000259404,0.000778213,0.000259404,0.000778213,0.000259404,0.000778213,0.000259404
921,506380,2.30136,1.15547,0.0036,0.83653,0.58835,0.65487,0.34079,2.43784,1.25437,0.00617,0.00076654,0.000255513,0.00076654,0.000255513,0.00076654,0.000255513,0.00076654,0.000255513
922,506878,2.30244,1.16028,0.00359,0.83626,0.58835,0.65484,0.34086,2.437,1.25465,0.00617,0.000755009,0.00025167,0.000755009,0.00025167,0.000755009,0.00025167,0.000755009,0.00025167
