epoch,time,train/box_loss,train/cls_loss,train/l1_loss,metrics/precision(B),metrics/recall(B),metrics/mAP50(B),metrics/mAP50-95(B),val/box_loss,val/cls_loss,val/l1_loss,lr/pg0,lr/pg1,lr/pg2,lr/pg3,lr/pg4,lr/pg5,lr/pg6,lr/pg7
1,383.646,3.99912,3.99259,0.02529,0.17801,0.089,0.04598,0.01482,3.28973,2.8303,0.01457,0.00999689,0.0033323,0.00999689,0.0033323,0.00999689,0.0033323,0.00999689,0.0033323
2,746.875,3.27277,2.33458,0.01117,0.40007,0.18959,0.16128,0.06273,2.8015,1.92121,0.01038,0.0199771,0.00665903,0.0199771,0.00665903,0.0199771,0.00665903,0.0199771,0.00665903
3,1062.38,2.99758,1.9684,0.0093,0.48081,0.22876,0.22253,0.09254,2.6368,1.68935,0.00925,0.0299375,0.00997917,0.0299375,0.00997917,0.0299375,0.00997917,0.0299375,0.00997917
4,1366.72,2.84521,1.80135,0.00839,0.53895,0.26889,0.27273,0.11748,2.53228,1.51565,0.00877,0.0299109,0.0099703,0.0299109,0.0099703,0.0299109,0.0099703,0.0299109,0.0099703
5,1676.46,2.72862,1.66236,0.00772,0.58808,0.2869,0.30097,0.13296,2.47054,1.44814,0.00823,0.0298812,0.0099604,0.0298812,0.0099604,0.0298812,0.0099604,0.0298812,0.0099604
6,1992.53,2.66101,1.59201,0.00725,0.58531,0.30336,0.31958,0.14249,2.41952,1.37948,0.00776,0.0298515,0.0099505,0.0298515,0.0099505,0.0298515,0.0099505,0.0298515,0.0099505
7,2299.36,2.62554,1.55023,0.00715,0.60978,0.30877,0.3304,0.14926,2.39912,1.33382,0.00779,0.0298218,0.0099406,0.0298218,0.0099406,0.0298218,0.0099406,0.0298218,0.0099406
8,2621.6,2.58014,1.50679,0.00692,0.61738,0.32064,0.34337,0.15664,2.36756,1.31371,0.00752,0.0297921,0.0099307,0.0297921,0.0099307,0.0297921,0.0099307,0.0297921,0.0099307
9,2935.72,2.56517,1.47589,0.00677,0.63459,0.33131,0.35814,0.16515,2.31978,1.29253,0.0073,0.0297624,0.0099208,0.0297624,0.0099208,0.0297624,0.0099208,0.0297624,0.0099208
10,3245.76,2.53131,1.44957,0.00655,0.64828,0.33784,0.36661,0.16982,2.28565,1.25206,0.0071,0.0297327,0.0099109,0.0297327,0.0099109,0.0297327,0.0099109,0.0297327,0.0099109
11,3545.3,2.51339,1.42736,0.00649,0.6481,0.34202,0.3698,0.17007,2.29791,1.25365,0.00722,0.029703,0.009901,0.029703,0.009901,0.029703,0.009901,0.029703,0.009901
12,3838.01,2.48779,1.40981,0.00647,0.66056,0.34893,0.37799,0.17727,2.26025,1.21665,0.00696,0.0296733,0.0098911,0.0296733,0.0098911,0.0296733,0.0098911,0.0296733,0.0098911
13,4131.43,2.47793,1.39472,0.00641,0.6596,0.35361,0.38572,0.18183,2.24015,1.18479,0.00688,0.0296436,0.0098812,0.0296436,0.0098812,0.0296436,0.0098812,0.0296436,0.0098812
14,39099.4,2.45613,1.38115,0.00636,0.65216,0.35537,0.3852,0.18284,2.24448,1.20151,0.0069,0.0296139,0.0098713,0.0296139,0.0098713,0.0296139,0.0098713,0.0296139,0.0098713
15,39440.4,2.45535,1.37221,0.00631,0.67062,0.36011,0.39539,0.1862,2.21856,1.18595,0.00675,0.0295842,0.0098614,0.0295842,0.0098614,0.0295842,0.0098614,0.0295842,0.0098614
16,39766.7,2.43429,1.35781,0.0062,0.67286,0.36244,0.39561,0.18667,2.22523,1.18718,0.00679,0.0295545,0.0098515,0.0295545,0.0098515,0.0295545,0.0098515,0.0295545,0.0098515
17,40106.1,2.43071,1.34733,0.00619,0.67736,0.3682,0.40227,0.19074,2.19924,1.16231,0.00663,0.0295248,0.0098416,0.0295248,0.0098416,0.0295248,0.0098416,0.0295248,0.0098416
18,40488.6,2.42202,1.33521,0.00611,0.67693,0.37049,0.40488,0.19113,2.20565,1.16032,0.00664,0.0294951,0.0098317,0.0294951,0.0098317,0.0294951,0.0098317,0.0294951,0.0098317
19,421.491,2.40599,1.32265,0.00611,0.67951,0.3723,0.4072,0.19308,2.20276,1.14128,0.00677,0.0294654,0.0098218,0.0294654,0.0098218,0.0294654,0.0098218,0.0294654,0.0098218
20,758.426,2.41815,1.32768,0.00604,0.67983,0.37272,0.40788,0.19661,2.18339,1.14459,0.00657,0.0294357,0.0098119,0.0294357,0.0098119,0.0294357,0.0098119,0.0294357,0.0098119
21,1125.72,2.40275,1.3161,0.0061,0.68156,0.37565,0.41176,0.1965,2.17501,1.13651,0.00652,0.029406,0.009802,0.029406,0.009802,0.029406,0.009802,0.029406,0.009802
22,1545.08,2.39196,1.31385,0.00603,0.68661,0.3779,0.41522,0.19914,2.17074,1.12517,0.0065,0.0293763,0.0097921,0.0293763,0.0097921,0.0293763,0.0097921,0.0293763,0.0097921
23,1878.57,2.38109,1.30654,0.00594,0.68815,0.37888,0.41767,0.20089,2.16987,1.12915,0.00648,0.0293466,0.0097822,0.0293466,0.0097822,0.0293466,0.0097822,0.0293466,0.0097822
24,2235.42,2.3819,1.30075,0.00586,0.68988,0.37976,0.41755,0.20205,2.15731,1.11575,0.00641,0.0293169,0.0097723,0.0293169,0.0097723,0.0293169,0.0097723,0.0293169,0.0097723
25,400.076,2.35414,1.2756,0.00587,0.68522,0.38529,0.42107,0.20374,2.15976,1.1022,0.00645,0.0292872,0.0097624,0.0292872,0.0097624,0.0292872,0.0097624,0.0292872,0.0097624
26,815.216,2.3709,1.28445,0.00583,0.69574,0.38296,0.42384,0.20702,2.14033,1.10272,0.00638,0.0292575,0.0097525,0.0292575,0.0097525,0.0292575,0.0097525,0.0292575,0.0097525
27,1167.39,2.35778,1.27842,0.00588,0.6935,0.38812,0.4261,0.20631,2.14121,1.09948,0.00639,0.0292278,0.0097426,0.0292278,0.0097426,0.0292278,0.0097426,0.0292278,0.0097426
28,1506.7,2.34969,1.27507,0.00584,0.69561,0.38681,0.42579,0.20718,2.13609,1.10162,0.00635,0.0291981,0.0097327,0.0291981,0.0097327,0.0291981,0.0097327,0.0291981,0.0097327
29,1863.44,2.33958,1.26635,0.00575,0.69648,0.39374,0.431,0.209,2.13744,1.09208,0.00633,0.0291684,0.0097228,0.0291684,0.0097228,0.0291684,0.0097228,0.0291684,0.0097228
30,2210.55,2.34109,1.26654,0.0057,0.69613,0.39301,0.4306,0.20992,2.12988,1.0889,0.00628,0.0291387,0.0097129,0.0291387,0.0097129,0.0291387,0.0097129,0.0291387,0.0097129
31,2581.62,2.35484,1.28104,0.00583,0.69818,0.39198,0.43194,0.21016,2.12249,1.08644,0.00626,0.029109,0.009703,0.029109,0.009703,0.029109,0.009703,0.029109,0.009703
32,2943.7,2.35714,1.27179,0.00586,0.69894,0.39483,0.43466,0.21249,2.12059,1.07838,0.00622,0.0290793,0.0096931,0.0290793,0.0096931,0.0290793,0.0096931,0.0290793,0.0096931
33,3310.95,2.35654,1.27647,0.00578,0.70697,0.39815,0.43846,0.21415,2.11037,1.08074,0.00618,0.0290496,0.0096832,0.0290496,0.0096832,0.0290496,0.0096832,0.0290496,0.0096832
34,365.408,2.31389,1.23769,0.00568,0.7062,0.401,0.44148,0.21617,2.10302,1.06139,0.00615,0.0290199,0.0096733,0.0290199,0.0096733,0.0290199,0.0096733,0.0290199,0.0096733
35,155.208,2.38516,1.22534,0.00512,0.7085,0.4062,0.4465,0.21857,2.20948,1.08374,0.00555,0.0289902,0.0096634,0.0289902,0.0096634,0.0289902,0.0096634,0.0289902,0.0096634
36,289.682,2.4172,1.22954,0.00507,0.71522,0.40568,0.44681,0.21927,2.21225,1.08593,0.00553,0.0289605,0.0096535,0.0289605,0.0096535,0.0289605,0.0096535,0.0289605,0.0096535
37,449.099,2.40812,1.23404,0.00502,0.71253,0.411,0.45073,0.22148,2.19462,1.07837,0.0055,0.0289308,0.0096436,0.0289308,0.0096436,0.0289308,0.0096436,0.0289308,0.0096436
38,621.759,2.41156,1.22139,0.00503,0.71392,0.40959,0.44963,0.22136,2.20269,1.07749,0.00551,0.0289011,0.0096337,0.0289011,0.0096337,0.0289011,0.0096337,0.0289011,0.0096337
39,738.127,2.38473,1.20879,0.00505,0.71479,0.41117,0.45217,0.2224,2.20068,1.07342,0.00548,0.0288714,0.0096238,0.0288714,0.0096238,0.0288714,0.0096238,0.0288714,0.0096238
40,857.48,2.39484,1.22707,0.00506,0.71278,0.41306,0.45293,0.22354,2.19429,1.06873,0.00548,0.0288417,0.0096139,0.0288417,0.0096139,0.0288417,0.0096139,0.0288417,0.0096139
41,984.701,2.391,1.21496,0.005,0.72241,0.41135,0.45492,0.22353,2.19463,1.06924,0.00548,0.028812,0.009604,0.028812,0.009604,0.028812,0.009604,0.028812,0.009604
42,1126.96,2.38968,1.21815,0.00499,0.72204,0.41526,0.45804,0.22545,2.18839,1.06182,0.00546,0.0287823,0.0095941,0.0287823,0.0095941,0.0287823,0.0095941,0.0287823,0.0095941
43,1276.61,2.38456,1.21423,0.005,0.71848,0.41867,0.45915,0.22628,2.18058,1.05978,0.00544,0.0287526,0.0095842,0.0287526,0.0095842,0.0287526,0.0095842,0.0287526,0.0095842
44,1435.86,2.36168,1.20841,0.00502,0.72147,0.41716,0.45918,0.22687,2.17519,1.06366,0.00543,0.0287229,0.0095743,0.0287229,0.0095743,0.0287229,0.0095743,0.0287229,0.0095743
45,1569.8,2.38168,1.20466,0.00499,0.72392,0.41916,0.46139,0.2279,2.17928,1.04791,0.00544,0.0286932,0.0095644,0.0286932,0.0095644,0.0286932,0.0095644,0.0286932,0.0095644
46,1706.36,2.38056,1.21445,0.00499,0.72159,0.42075,0.46151,0.22827,2.17567,1.0509,0.00542,0.0286635,0.0095545,0.0286635,0.0095545,0.0286635,0.0095545,0.0286635,0.0095545
47,1826.01,2.36885,1.20806,0.00497,0.72442,0.42115,0.46296,0.22914,2.17052,1.05193,0.0054,0.0286338,0.0095446,0.0286338,0.0095446,0.0286338,0.0095446,0.0286338,0.0095446
48,1947.36,2.36164,1.19631,0.00499,0.72889,0.42085,0.46359,0.22964,2.16896,1.04763,0.00539,0.0286041,0.0095347,0.0286041,0.0095347,0.0286041,0.0095347,0.0286041,0.0095347
49,2071.12,2.37,1.20612,0.00496,0.72752,0.42271,0.46455,0.23047,2.16727,1.05059,0.00538,0.0285744,0.0095248,0.0285744,0.0095248,0.0285744,0.0095248,0.0285744,0.0095248
50,2195.05,2.37954,1.21095,0.00498,0.72588,0.42299,0.46497,0.23128,2.16532,1.05044,0.00537,0.0285447,0.0095149,0.0285447,0.0095149,0.0285447,0.0095149,0.0285447,0.0095149
51,2318.69,2.37655,1.19862,0.00495,0.72571,0.42493,0.46639,0.23129,2.16216,1.0493,0.00535,0.028515,0.009505,0.028515,0.009505,0.028515,0.009505,0.028515,0.009505
52,2439.95,2.35148,1.19003,0.00496,0.72095,0.42521,0.46563,0.23139,2.16229,1.04538,0.00535,0.0284853,0.0094951,0.0284853,0.0094951,0.0284853,0.0094951,0.0284853,0.0094951
53,2562.75,2.36226,1.19999,0.00496,0.72806,0.42415,0.46643,0.23215,2.15805,1.04569,0.00535,0.0284556,0.0094852,0.0284556,0.0094852,0.0284556,0.0094852,0.0284556,0.0094852
54,2683.66,2.35799,1.20785,0.00492,0.72959,0.42501,0.46754,0.23267,2.15788,1.04756,0.00534,0.0284259,0.0094753,0.0284259,0.0094753,0.0284259,0.0094753,0.0284259,0.0094753
55,2805.44,2.35866,1.19546,0.00484,0.72897,0.42606,0.46871,0.23229,2.15766,1.04664,0.00533,0.0283962,0.0094654,0.0283962,0.0094654,0.0283962,0.0094654,0.0283962,0.0094654
56,2919.46,2.35977,1.18888,0.00492,0.73208,0.4249,0.46874,0.23268,2.1569,1.04355,0.00534,0.0283665,0.0094555,0.0283665,0.0094555,0.0283665,0.0094555,0.0283665,0.0094555
57,3035.99,2.34605,1.18812,0.00495,0.73292,0.42657,0.47013,0.23343,2.15545,1.04226,0.00533,0.0283368,0.0094456,0.0283368,0.0094456,0.0283368,0.0094456,0.0283368,0.0094456
58,3149.01,2.34227,1.19107,0.00495,0.72939,0.42856,0.47111,0.23418,2.15211,1.04154,0.00532,0.0283071,0.0094357,0.0283071,0.0094357,0.0283071,0.0094357,0.0283071,0.0094357
59,3264.47,2.35053,1.19048,0.0049,0.7282,0.43072,0.47242,0.23459,2.14923,1.03953,0.00531,0.0282774,0.0094258,0.0282774,0.0094258,0.0282774,0.0094258,0.0282774,0.0094258
60,3377.21,2.35306,1.18443,0.00488,0.7285,0.43206,0.47312,0.23544,2.14579,1.03798,0.00529,0.0282477,0.0094159,0.0282477,0.0094159,0.0282477,0.0094159,0.0282477,0.0094159
61,3491.35,2.34492,1.18669,0.00491,0.73133,0.43062,0.47321,0.23581,2.14378,1.03406,0.00529,0.028218,0.009406,0.028218,0.009406,0.028218,0.009406,0.028218,0.009406
62,3603.29,2.35232,1.1866,0.00488,0.73009,0.4314,0.47352,0.23653,2.14197,1.03278,0.00528,0.0281883,0.0093961,0.0281883,0.0093961,0.0281883,0.0093961,0.0281883,0.0093961
63,8764.02,2.35722,1.19581,0.00485,0.73074,0.43171,0.47377,0.23682,2.1388,1.03223,0.00526,0.0281586,0.0093862,0.0281586,0.0093862,0.0281586,0.0093862,0.0281586,0.0093862
64,8875.23,2.33542,1.17706,0.00489,0.73069,0.43166,0.47471,0.23742,2.1364,1.03058,0.00526,0.0281289,0.0093763,0.0281289,0.0093763,0.0281289,0.0093763,0.0281289,0.0093763
65,8988.61,2.34372,1.17779,0.00482,0.73009,0.43325,0.47555,0.23733,2.13745,1.02751,0.00527,0.0280992,0.0093664,0.0280992,0.0093664,0.0280992,0.0093664,0.0280992,0.0093664
66,9103.46,2.34687,1.17825,0.00479,0.73242,0.43372,0.47623,0.23759,2.13535,1.02704,0.00526,0.0280695,0.0093565,0.0280695,0.0093565,0.0280695,0.0093565,0.0280695,0.0093565
67,9219.02,2.35128,1.18367,0.0049,0.73295,0.43478,0.47722,0.2384,2.13482,1.02563,0.00526,0.0280398,0.0093466,0.0280398,0.0093466,0.0280398,0.0093466,0.0280398,0.0093466
68,9335.32,2.36042,1.18499,0.00487,0.73455,0.43422,0.47762,0.23878,2.13377,1.02357,0.00525,0.0280101,0.0093367,0.0280101,0.0093367,0.0280101,0.0093367,0.0280101,0.0093367
69,9451.04,2.34383,1.1818,0.00487,0.73689,0.43412,0.47773,0.23889,2.13319,1.02326,0.00525,0.0279804,0.0093268,0.0279804,0.0093268,0.0279804,0.0093268,0.0279804,0.0093268
70,9566.05,2.34242,1.17812,0.00488,0.73637,0.4342,0.4778,0.23882,2.13142,1.025,0.00524,0.0279507,0.0093169,0.0279507,0.0093169,0.0279507,0.0093169,0.0279507,0.0093169
71,9683.02,2.34151,1.17962,0.00483,0.738,0.4337,0.47831,0.2391,2.13174,1.02461,0.00524,0.027921,0.009307,0.027921,0.009307,0.027921,0.009307,0.027921,0.009307
72,9793.28,2.33384,1.17381,0.00482,0.73716,0.43457,0.47861,0.23931,2.1319,1.02416,0.00524,0.0278913,0.0092971,0.0278913,0.0092971,0.0278913,0.0092971,0.0278913,0.0092971
73,9902.91,2.32975,1.17739,0.00486,0.73695,0.43566,0.4804,0.23948,2.13211,1.0227,0.00524,0.0278616,0.0092872,0.0278616,0.0092872,0.0278616,0.0092872,0.0278616,0.0092872
74,10015,2.35081,1.18492,0.00478,0.73785,0.43571,0.48069,0.23979,2.13201,1.02161,0.00524,0.0278319,0.0092773,0.0278319,0.0092773,0.0278319,0.0092773,0.0278319,0.0092773
75,10123,2.34199,1.17656,0.00485,0.73558,0.43679,0.4806,0.24003,2.13141,1.02025,0.00523,0.0278022,0.0092674,0.0278022,0.0092674,0.0278022,0.0092674,0.0278022,0.0092674
76,10236.2,2.33496,1.17118,0.00485,0.73594,0.43725,0.48072,0.24026,2.1302,1.02119,0.00523,0.0277725,0.0092575,0.0277725,0.0092575,0.0277725,0.0092575,0.0277725,0.0092575
77,10345.4,2.31859,1.16866,0.00486,0.73359,0.43805,0.48081,0.24029,2.13041,1.02038,0.00523,0.0277428,0.0092476,0.0277428,0.0092476,0.0277428,0.0092476,0.0277428,0.0092476
78,10457.4,2.3495,1.17924,0.00481,0.7352,0.43826,0.48166,0.24079,2.1294,1.02013,0.00523,0.0277131,0.0092377,0.0277131,0.0092377,0.0277131,0.0092377,0.0277131,0.0092377
79,10567.8,2.3346,1.17711,0.00476,0.73517,0.43876,0.4821,0.24085,2.12877,1.02114,0.00523,0.0276834,0.0092278,0.0276834,0.0092278,0.0276834,0.0092278,0.0276834,0.0092278
80,13510.9,2.35226,1.18198,0.00484,0.7352,0.43868,0.48193,0.24101,2.12857,1.02095,0.00522,0.0276537,0.0092179,0.0276537,0.0092179,0.0276537,0.0092179,0.0276537,0.0092179
81,13621.5,2.3353,1.17549,0.00485,0.73462,0.43901,0.48225,0.24109,2.12756,1.0216,0.00522,0.027624,0.009208,0.027624,0.009208,0.027624,0.009208,0.027624,0.009208
82,13731.1,2.34829,1.18844,0.00484,0.73726,0.43861,0.48206,0.24108,2.12791,1.02118,0.00522,0.0275943,0.0091981,0.0275943,0.0091981,0.0275943,0.0091981,0.0275943,0.0091981
83,13847.3,2.33932,1.1763,0.00481,0.73635,0.43858,0.48233,0.24138,2.12708,1.02097,0.00522,0.0275646,0.0091882,0.0275646,0.0091882,0.0275646,0.0091882,0.0275646,0.0091882
84,13963.7,2.30921,1.16152,0.00485,0.73663,0.43868,0.4825,0.24135,2.12671,1.02187,0.00522,0.0275349,0.0091783,0.0275349,0.0091783,0.0275349,0.0091783,0.0275349,0.0091783
85,14088,2.32969,1.17495,0.00482,0.73691,0.43884,0.48269,0.2415,2.12654,1.0209,0.00521,0.0275052,0.0091684,0.0275052,0.0091684,0.0275052,0.0091684,0.0275052,0.0091684
86,14234.2,2.32621,1.17494,0.00485,0.7373,0.43881,0.4828,0.24159,2.12599,1.0214,0.00521,0.0274755,0.0091585,0.0274755,0.0091585,0.0274755,0.0091585,0.0274755,0.0091585
87,14356.7,2.34066,1.1704,0.00479,0.73954,0.43838,0.48297,0.24167,2.12629,1.02034,0.00521,0.0274458,0.0091486,0.0274458,0.0091486,0.0274458,0.0091486,0.0274458,0.0091486
88,14478.3,2.34081,1.16949,0.00478,0.73997,0.43808,0.48327,0.2419,2.1257,1.02065,0.00521,0.0274161,0.0091387,0.0274161,0.0091387,0.0274161,0.0091387,0.0274161,0.0091387
89,14600.6,2.32084,1.16789,0.0048,0.73848,0.43871,0.48332,0.24237,2.12567,1.02062,0.00521,0.0273864,0.0091288,0.0273864,0.0091288,0.0273864,0.0091288,0.0273864,0.0091288
90,14724.3,2.34114,1.17051,0.00478,0.73893,0.43866,0.48364,0.24247,2.12527,1.02094,0.0052,0.0273567,0.0091189,0.0273567,0.0091189,0.0273567,0.0091189,0.0273567,0.0091189
91,14848.6,2.3223,1.16252,0.00477,0.74081,0.43848,0.48383,0.24264,2.12503,1.02068,0.0052,0.027327,0.009109,0.027327,0.009109,0.027327,0.009109,0.027327,0.009109
92,14967.4,2.33325,1.17478,0.00477,0.7406,0.4385,0.48366,0.24256,2.12512,1.02098,0.0052,0.0272973,0.0090991,0.0272973,0.0090991,0.0272973,0.0090991,0.0272973,0.0090991
93,15080.5,2.32347,1.16858,0.0048,0.73873,0.43934,0.48394,0.24286,2.1245,1.02008,0.0052,0.0272676,0.0090892,0.0272676,0.0090892,0.0272676,0.0090892,0.0272676,0.0090892
94,15195.6,2.33343,1.16465,0.00477,0.7395,0.43931,0.48429,0.24285,2.12458,1.01968,0.0052,0.0272379,0.0090793,0.0272379,0.0090793,0.0272379,0.0090793,0.0272379,0.0090793
95,15308.3,2.31597,1.1615,0.00478,0.7399,0.43863,0.48425,0.24312,2.12432,1.01913,0.0052,0.0272082,0.0090694,0.0272082,0.0090694,0.0272082,0.0090694,0.0272082,0.0090694
96,15421,2.31901,1.1588,0.00475,0.73905,0.43906,0.48468,0.2433,2.12327,1.01898,0.0052,0.0271785,0.0090595,0.0271785,0.0090595,0.0271785,0.0090595,0.0271785,0.0090595
97,15538,2.32145,1.159,0.00477,0.73964,0.43853,0.48443,0.24321,2.12319,1.01974,0.00519,0.0271488,0.0090496,0.0271488,0.0090496,0.0271488,0.0090496,0.0271488,0.0090496
98,15650.3,2.32171,1.16258,0.00477,0.73953,0.43863,0.48453,0.24301,2.12295,1.01973,0.00519,0.0271191,0.0090397,0.0271191,0.0090397,0.0271191,0.0090397,0.0271191,0.0090397
99,15766.4,2.31258,1.15322,0.00477,0.73891,0.43866,0.48442,0.24304,2.12289,1.01957,0.00519,0.0270894,0.0090298,0.0270894,0.0090298,0.0270894,0.0090298,0.0270894,0.0090298
100,15879.8,2.31691,1.16212,0.00475,0.73782,0.43881,0.48447,0.24317,2.12281,1.0196,0.00519,0.0270597,0.0090199,0.0270597,0.0090199,0.0270597,0.0090199,0.0270597,0.0090199
101,15996.3,2.31622,1.16078,0.00474,0.73711,0.43848,0.48419,0.24315,2.12248,1.02043,0.00519,0.02703,0.00901,0.02703,0.00901,0.02703,0.00901,0.02703,0.00901
102,16104.2,2.32702,1.15212,0.00475,0.73736,0.43891,0.4843,0.24311,2.12231,1.02101,0.00519,0.0270003,0.0090001,0.0270003,0.0090001,0.0270003,0.0090001,0.0270003,0.0090001
103,16215.4,2.33529,1.15788,0.00477,0.73792,0.43884,0.48442,0.24306,2.12204,1.02093,0.00519,0.0269706,0.0089902,0.0269706,0.0089902,0.0269706,0.0089902,0.0269706,0.0089902
104,16330.1,2.32912,1.15434,0.00472,0.73593,0.43984,0.48457,0.24352,2.12225,1.02015,0.00519,0.0269409,0.0089803,0.0269409,0.0089803,0.0269409,0.0089803,0.0269409,0.0089803
105,16442,2.31182,1.1512,0.00476,0.73598,0.44016,0.48466,0.24351,2.12198,1.0198,0.00519,0.0269112,0.0089704,0.0269112,0.0089704,0.0269112,0.0089704,0.0269112,0.0089704
106,16558.3,2.30542,1.15786,0.00477,0.73633,0.44031,0.48498,0.24344,2.12194,1.01937,0.00519,0.0268815,0.0089605,0.0268815,0.0089605,0.0268815,0.0089605,0.0268815,0.0089605
107,16671.5,2.30735,1.14984,0.00477,0.73411,0.44098,0.48504,0.2435,2.12158,1.01953,0.00518,0.0268518,0.0089506,0.0268518,0.0089506,0.0268518,0.0089506,0.0268518,0.0089506
108,16786.2,2.31783,1.15081,0.00472,0.73438,0.44113,0.48534,0.24389,2.12168,1.01851,0.00518,0.0268221,0.0089407,0.0268221,0.0089407,0.0268221,0.0089407,0.0268221,0.0089407
109,16900.1,2.31477,1.15838,0.00479,0.73616,0.44135,0.48588,0.24377,2.12127,1.01823,0.00518,0.0267924,0.0089308,0.0267924,0.0089308,0.0267924,0.0089308,0.0267924,0.0089308
110,17018.2,2.31144,1.15643,0.00474,0.73498,0.44141,0.48584,0.24376,2.12098,1.01941,0.00518,0.0267627,0.0089209,0.0267627,0.0089209,0.0267627,0.0089209,0.0267627,0.0089209
111,17134.5,2.31075,1.14902,0.00475,0.73421,0.44206,0.48591,0.24385,2.1209,1.01923,0.00518,0.026733,0.008911,0.026733,0.008911,0.026733,0.008911,0.026733,0.008911
112,17251.2,2.303,1.14711,0.00473,0.73311,0.4414,0.48577,0.24381,2.1217,1.01888,0.00518,0.0267033,0.0089011,0.0267033,0.0089011,0.0267033,0.0089011,0.0267033,0.0089011
113,17368.2,2.31238,1.1529,0.00469,0.73491,0.44135,0.48583,0.24403,2.12054,1.0186,0.00517,0.0266736,0.0088912,0.0266736,0.0088912,0.0266736,0.0088912,0.0266736,0.0088912
114,17481.5,2.31133,1.15551,0.00476,0.73502,0.44176,0.48615,0.2442,2.12076,1.01815,0.00517,0.0266439,0.0088813,0.0266439,0.0088813,0.0266439,0.0088813,0.0266439,0.0088813
115,17598.9,2.29615,1.15063,0.00479,0.73599,0.44159,0.48626,0.24421,2.12037,1.01851,0.00517,0.0266142,0.0088714,0.0266142,0.0088714,0.0266142,0.0088714,0.0266142,0.0088714
116,17711.8,2.30899,1.15043,0.00469,0.73556,0.44208,0.48629,0.24425,2.12085,1.01835,0.00517,0.0265845,0.0088615,0.0265845,0.0088615,0.0265845,0.0088615,0.0265845,0.0088615
117,17819.3,2.31989,1.15527,0.00474,0.73655,0.44144,0.48629,0.24417,2.12072,1.01858,0.00517,0.0265548,0.0088516,0.0265548,0.0088516,0.0265548,0.0088516,0.0265548,0.0088516
118,17928.2,2.32736,1.1561,0.00471,0.73622,0.44168,0.48648,0.24418,2.11999,1.01898,0.00517,0.0265251,0.0088417,0.0265251,0.0088417,0.0265251,0.0088417,0.0265251,0.0088417
119,18033.7,2.30476,1.15039,0.00475,0.7359,0.44201,0.48659,0.24443,2.11978,1.01867,0.00517,0.0264954,0.0088318,0.0264954,0.0088318,0.0264954,0.0088318,0.0264954,0.0088318
120,18142.6,2.31142,1.14445,0.00477,0.73564,0.44241,0.48685,0.24445,2.11948,1.01831,0.00517,0.0264657,0.0088219,0.0264657,0.0088219,0.0264657,0.0088219,0.0264657,0.0088219
121,18250.1,2.31586,1.15518,0.00472,0.73621,0.44234,0.48695,0.2445,2.11894,1.0183,0.00517,0.026436,0.008812,0.026436,0.008812,0.026436,0.008812,0.026436,0.008812
122,18360.8,2.30626,1.13517,0.00469,0.73645,0.44215,0.487,0.24447,2.11864,1.01855,0.00517,0.0264063,0.0088021,0.0264063,0.0088021,0.0264063,0.0088021,0.0264063,0.0088021
123,18467.5,2.29681,1.14713,0.00466,0.73652,0.44206,0.48699,0.24439,2.11859,1.01856,0.00517,0.0263766,0.0087922,0.0263766,0.0087922,0.0263766,0.0087922,0.0263766,0.0087922
124,25319.6,2.30977,1.14536,0.00469,0.73773,0.44189,0.48702,0.24443,2.11832,1.01892,0.00517,0.0263469,0.0087823,0.0263469,0.0087823,0.0263469,0.0087823,0.0263469,0.0087823
125,25429.2,2.30452,1.14502,0.00471,0.73788,0.44216,0.48742,0.2445,2.1186,1.01896,0.00517,0.0263172,0.0087724,0.0263172,0.0087724,0.0263172,0.0087724,0.0263172,0.0087724
126,25540.9,2.31159,1.15731,0.00472,0.73756,0.44199,0.48745,0.24449,2.1191,1.01835,0.00517,0.0262875,0.0087625,0.0262875,0.0087625,0.0262875,0.0087625,0.0262875,0.0087625
127,25652.9,2.29687,1.14881,0.00476,0.7379,0.44178,0.48732,0.24449,2.11926,1.01862,0.00517,0.0262578,0.0087526,0.0262578,0.0087526,0.0262578,0.0087526,0.0262578,0.0087526
128,25764,2.30247,1.1517,0.0047,0.73779,0.44153,0.48711,0.24442,2.11931,1.01827,0.00517,0.0262281,0.0087427,0.0262281,0.0087427,0.0262281,0.0087427,0.0262281,0.0087427
129,25876.8,2.30618,1.14052,0.00473,0.73661,0.44191,0.48722,0.24447,2.11943,1.01816,0.00517,0.0261984,0.0087328,0.0261984,0.0087328,0.0261984,0.0087328,0.0261984,0.0087328
130,25989.3,2.29501,1.14356,0.0047,0.7383,0.44184,0.48775,0.24453,2.11956,1.01744,0.00517,0.0261687,0.0087229,0.0261687,0.0087229,0.0261687,0.0087229,0.0261687,0.0087229
131,26102.8,2.29295,1.12895,0.00466,0.73846,0.44203,0.48789,0.24452,2.11917,1.01692,0.00517,0.026139,0.008713,0.026139,0.008713,0.026139,0.008713,0.026139,0.008713
132,26216.6,2.30157,1.13834,0.00467,0.73798,0.44239,0.48786,0.24458,2.11888,1.01643,0.00517,0.0261093,0.0087031,0.0261093,0.0087031,0.0261093,0.0087031,0.0261093,0.0087031
133,26329.1,2.29922,1.14215,0.00472,0.73638,0.44299,0.48782,0.2446,2.11906,1.01692,0.00517,0.0260796,0.0086932,0.0260796,0.0086932,0.0260796,0.0086932,0.0260796,0.0086932
134,26484.6,2.30464,1.14394,0.00473,0.73745,0.44358,0.48827,0.24458,2.11882,1.01662,0.00517,0.0260499,0.0086833,0.0260499,0.0086833,0.0260499,0.0086833,0.0260499,0.0086833
135,26696.9,2.31587,1.15402,0.00469,0.73821,0.44313,0.48824,0.24485,2.11853,1.01622,0.00517,0.0260202,0.0086734,0.0260202,0.0086734,0.0260202,0.0086734,0.0260202,0.0086734
136,26841,2.31507,1.14573,0.00471,0.73788,0.44392,0.48847,0.24512,2.11883,1.01578,0.00517,0.0259905,0.0086635,0.0259905,0.0086635,0.0259905,0.0086635,0.0259905,0.0086635
137,26953.8,2.30627,1.14754,0.00471,0.73821,0.44377,0.48825,0.24526,2.11919,1.01536,0.00517,0.0259608,0.0086536,0.0259608,0.0086536,0.0259608,0.0086536,0.0259608,0.0086536
138,27066,2.29748,1.14776,0.00471,0.7361,0.44463,0.48856,0.2454,2.11908,1.01509,0.00517,0.0259311,0.0086437,0.0259311,0.0086437,0.0259311,0.0086437,0.0259311,0.0086437
139,27177.8,2.30848,1.14306,0.0047,0.73676,0.44432,0.48882,0.24554,2.11893,1.01512,0.00517,0.0259014,0.0086338,0.0259014,0.0086338,0.0259014,0.0086338,0.0259014,0.0086338
140,27291.7,2.29837,1.14554,0.0047,0.73712,0.44407,0.48879,0.2453,2.11901,1.01471,0.00517,0.0258717,0.0086239,0.0258717,0.0086239,0.0258717,0.0086239,0.0258717,0.0086239
141,27403.2,2.30307,1.14423,0.00469,0.73699,0.44438,0.48895,0.2455,2.11872,1.01533,0.00516,0.025842,0.008614,0.025842,0.008614,0.025842,0.008614,0.025842,0.008614
142,27515.9,2.31125,1.14963,0.00475,0.73804,0.44423,0.489,0.2456,2.11917,1.01522,0.00517,0.0258123,0.0086041,0.0258123,0.0086041,0.0258123,0.0086041,0.0258123,0.0086041
143,27627.2,2.29702,1.14583,0.0047,0.73744,0.44445,0.48882,0.24534,2.11829,1.01641,0.00516,0.0257826,0.0085942,0.0257826,0.0085942,0.0257826,0.0085942,0.0257826,0.0085942
144,27741.7,2.30867,1.14423,0.00464,0.73798,0.4445,0.4891,0.24547,2.11846,1.01606,0.00516,0.0257529,0.0085843,0.0257529,0.0085843,0.0257529,0.0085843,0.0257529,0.0085843
145,27853.5,2.30935,1.14613,0.0047,0.73847,0.44407,0.48919,0.24552,2.1182,1.01484,0.00517,0.0257232,0.0085744,0.0257232,0.0085744,0.0257232,0.0085744,0.0257232,0.0085744
146,27965.5,2.28957,1.14064,0.00471,0.73777,0.44352,0.4889,0.24544,2.11861,1.01556,0.00517,0.0256935,0.0085645,0.0256935,0.0085645,0.0256935,0.0085645,0.0256935,0.0085645
147,28077.1,2.29392,1.14891,0.00474,0.73719,0.44391,0.48893,0.24553,2.11819,1.0148,0.00517,0.0256638,0.0085546,0.0256638,0.0085546,0.0256638,0.0085546,0.0256638,0.0085546
148,28185.6,2.3167,1.15291,0.00468,0.73545,0.44414,0.48885,0.24544,2.11859,1.01526,0.00517,0.0256341,0.0085447,0.0256341,0.0085447,0.0256341,0.0085447,0.0256341,0.0085447
149,28292.9,2.30743,1.14902,0.00474,0.73683,0.44387,0.48888,0.24547,2.11866,1.0147,0.00517,0.0256044,0.0085348,0.0256044,0.0085348,0.0256044,0.0085348,0.0256044,0.0085348
150,28400.9,2.30711,1.14065,0.00464,0.73788,0.44367,0.48899,0.24555,2.11803,1.01525,0.00517,0.0255747,0.0085249,0.0255747,0.0085249,0.0255747,0.0085249,0.0255747,0.0085249
151,28509.6,2.30885,1.14471,0.00465,0.7382,0.44405,0.48909,0.24561,2.11732,1.01532,0.00517,0.025545,0.008515,0.025545,0.008515,0.025545,0.008515,0.025545,0.008515
152,28616,2.31067,1.14941,0.00472,0.73778,0.44453,0.4891,0.24567,2.11735,1.01533,0.00517,0.0255153,0.0085051,0.0255153,0.0085051,0.0255153,0.0085051,0.0255153,0.0085051
153,28725.3,2.29914,1.1438,0.00473,0.73673,0.44453,0.48918,0.24565,2.11728,1.01571,0.00517,0.0254856,0.0084952,0.0254856,0.0084952,0.0254856,0.0084952,0.0254856,0.0084952
154,28831.8,2.29898,1.1403,0.00471,0.73523,0.44496,0.48938,0.24575,2.11744,1.01499,0.00517,0.0254559,0.0084853,0.0254559,0.0084853,0.0254559,0.0084853,0.0254559,0.0084853
155,28941.2,2.28446,1.12816,0.00468,0.7383,0.44432,0.48947,0.24565,2.11757,1.01531,0.00517,0.0254262,0.0084754,0.0254262,0.0084754,0.0254262,0.0084754,0.0254262,0.0084754
156,29064.6,2.29923,1.13499,0.00465,0.73665,0.44471,0.49044,0.24584,2.1166,1.01516,0.00517,0.0253965,0.0084655,0.0253965,0.0084655,0.0253965,0.0084655,0.0253965,0.0084655
157,29175.8,2.29978,1.13609,0.0047,0.73706,0.44466,0.4897,0.24589,2.11604,1.01431,0.00517,0.0253668,0.0084556,0.0253668,0.0084556,0.0253668,0.0084556,0.0253668,0.0084556
158,29287.8,2.2921,1.12808,0.00466,0.73722,0.44476,0.48985,0.24585,2.11672,1.0141,0.00517,0.0253371,0.0084457,0.0253371,0.0084457,0.0253371,0.0084457,0.0253371,0.0084457
159,29401,2.28837,1.13313,0.0047,0.73775,0.44486,0.49074,0.24602,2.11621,1.01336,0.00517,0.0253074,0.0084358,0.0253074,0.0084358,0.0253074,0.0084358,0.0253074,0.0084358
160,29513.7,2.29256,1.13476,0.00462,0.73774,0.44518,0.4908,0.24611,2.11631,1.01224,0.00518,0.0252777,0.0084259,0.0252777,0.0084259,0.0252777,0.0084259,0.0252777,0.0084259
161,29626.4,2.28922,1.14171,0.00468,0.73852,0.44468,0.48992,0.24601,2.11646,1.01144,0.00518,0.025248,0.008416,0.025248,0.008416,0.025248,0.008416,0.025248,0.008416
162,29737.7,2.2945,1.13917,0.00472,0.73819,0.44488,0.49117,0.24613,2.11632,1.01126,0.00518,0.0252183,0.0084061,0.0252183,0.0084061,0.0252183,0.0084061,0.0252183,0.0084061
163,29850.8,2.28951,1.12956,0.00466,0.73676,0.44589,0.49154,0.24623,2.1166,1.01121,0.00518,0.0251886,0.0083962,0.0251886,0.0083962,0.0251886,0.0083962,0.0251886,0.0083962
164,29963.7,2.29783,1.13572,0.0047,0.73714,0.44584,0.49163,0.24634,2.11587,1.01191,0.00518,0.0251589,0.0083863,0.0251589,0.0083863,0.0251589,0.0083863,0.0251589,0.0083863
165,30074.5,2.30085,1.1355,0.00468,0.73716,0.44596,0.49179,0.24635,2.1163,1.0121,0.00518,0.0251292,0.0083764,0.0251292,0.0083764,0.0251292,0.0083764,0.0251292,0.0083764
166,30183.8,2.2928,1.13582,0.00465,0.73761,0.44607,0.49174,0.24625,2.11641,1.01166,0.00518,0.0250995,0.0083665,0.0250995,0.0083665,0.0250995,0.0083665,0.0250995,0.0083665
167,30290.4,2.28565,1.13133,0.00467,0.7375,0.44632,0.49206,0.24644,2.11641,1.01226,0.00518,0.0250698,0.0083566,0.0250698,0.0083566,0.0250698,0.0083566,0.0250698,0.0083566
168,30399,2.2844,1.12986,0.00468,0.73815,0.44591,0.4921,0.2464,2.11636,1.01191,0.00518,0.0250401,0.0083467,0.0250401,0.0083467,0.0250401,0.0083467,0.0250401,0.0083467
169,30506.8,2.29891,1.1425,0.00466,0.73823,0.44627,0.49232,0.24638,2.11574,1.01257,0.00518,0.0250104,0.0083368,0.0250104,0.0083368,0.0250104,0.0083368,0.0250104,0.0083368
170,30615.2,2.28489,1.13402,0.00469,0.73822,0.44641,0.49267,0.24658,2.11568,1.01242,0.00518,0.0249807,0.0083269,0.0249807,0.0083269,0.0249807,0.0083269,0.0249807,0.0083269
171,30722.4,2.28905,1.13237,0.00466,0.73707,0.4469,0.49262,0.24649,2.1154,1.01275,0.00519,0.024951,0.008317,0.024951,0.008317,0.024951,0.008317,0.024951,0.008317
172,30831.2,2.28308,1.12787,0.00462,0.73929,0.44609,0.49279,0.24649,2.11487,1.01372,0.00518,0.0249213,0.0083071,0.0249213,0.0083071,0.0249213,0.0083071,0.0249213,0.0083071
173,33431.7,2.29103,1.13723,0.00464,0.73819,0.4468,0.4927,0.24641,2.1152,1.0135,0.00519,0.0248916,0.0082972,0.0248916,0.0082972,0.0248916,0.0082972,0.0248916,0.0082972
174,33542.2,2.28547,1.12705,0.00467,0.73793,0.4471,0.49273,0.24645,2.11515,1.01331,0.00519,0.0248619,0.0082873,0.0248619,0.0082873,0.0248619,0.0082873,0.0248619,0.0082873
175,33654.8,2.29503,1.13847,0.00468,0.73722,0.44712,0.49265,0.24653,2.11429,1.01372,0.00519,0.0248322,0.0082774,0.0248322,0.0082774,0.0248322,0.0082774,0.0248322,0.0082774
176,33767.7,2.30816,1.13465,0.00461,0.73616,0.4476,0.4929,0.24652,2.11431,1.0138,0.00518,0.0248025,0.0082675,0.0248025,0.0082675,0.0248025,0.0082675,0.0248025,0.0082675
177,33877.7,2.2895,1.13682,0.00462,0.73666,0.44763,0.49305,0.24649,2.11458,1.01372,0.00519,0.0247728,0.0082576,0.0247728,0.0082576,0.0247728,0.0082576,0.0247728,0.0082576
178,33992.7,2.29907,1.14072,0.00463,0.73709,0.44714,0.4929,0.2465,2.11464,1.01367,0.00519,0.0247431,0.0082477,0.0247431,0.0082477,0.0247431,0.0082477,0.0247431,0.0082477
179,34105.6,2.28113,1.13153,0.00463,0.73573,0.44788,0.4932,0.24657,2.11456,1.01395,0.00519,0.0247134,0.0082378,0.0247134,0.0082378,0.0247134,0.0082378,0.0247134,0.0082378
180,34220.1,2.28628,1.12998,0.00462,0.7363,0.44765,0.49316,0.24653,2.1149,1.01323,0.00519,0.0246837,0.0082279,0.0246837,0.0082279,0.0246837,0.0082279,0.0246837,0.0082279
181,34344.1,2.2938,1.12589,0.00464,0.73506,0.44811,0.49324,0.24645,2.11527,1.0132,0.00519,0.024654,0.008218,0.024654,0.008218,0.024654,0.008218,0.024654,0.008218
182,34457.9,2.28314,1.12314,0.00464,0.73592,0.44859,0.49345,0.2465,2.11439,1.01384,0.00519,0.0246243,0.0082081,0.0246243,0.0082081,0.0246243,0.0082081,0.0246243,0.0082081
183,34570.1,2.2896,1.13346,0.00463,0.73742,0.44867,0.49369,0.24657,2.11447,1.01324,0.00519,0.0245946,0.0081982,0.0245946,0.0081982,0.0245946,0.0081982,0.0245946,0.0081982
184,34684.1,2.27837,1.12071,0.00464,0.73828,0.44848,0.49383,0.24653,2.1152,1.01364,0.0052,0.0245649,0.0081883,0.0245649,0.0081883,0.0245649,0.0081883,0.0245649,0.0081883
185,34795.8,2.26424,1.12087,0.00466,0.73745,0.44871,0.4938,0.24664,2.11518,1.01276,0.0052,0.0245352,0.0081784,0.0245352,0.0081784,0.0245352,0.0081784,0.0245352,0.0081784
186,34907.8,2.26594,1.12494,0.00465,0.73822,0.44828,0.49374,0.2466,2.11556,1.01271,0.0052,0.0245055,0.0081685,0.0245055,0.0081685,0.0245055,0.0081685,0.0245055,0.0081685
187,35019.7,2.28798,1.1385,0.00466,0.73686,0.44872,0.49403,0.24675,2.11471,1.01261,0.0052,0.0244758,0.0081586,0.0244758,0.0081586,0.0244758,0.0081586,0.0244758,0.0081586
188,35132.4,2.28074,1.12967,0.00465,0.73729,0.44884,0.49428,0.24672,2.11458,1.01291,0.0052,0.0244461,0.0081487,0.0244461,0.0081487,0.0244461,0.0081487,0.0244461,0.0081487
189,35246.5,2.28671,1.13388,0.00462,0.73715,0.44886,0.49438,0.24682,2.11386,1.01279,0.0052,0.0244164,0.0081388,0.0244164,0.0081388,0.0244164,0.0081388,0.0244164,0.0081388
190,35359.7,2.2896,1.13268,0.0046,0.73736,0.44863,0.49414,0.24673,2.11471,1.01259,0.0052,0.0243867,0.0081289,0.0243867,0.0081289,0.0243867,0.0081289,0.0243867,0.0081289
191,35473.7,2.277,1.12157,0.00461,0.73572,0.44886,0.49396,0.24659,2.11467,1.01232,0.0052,0.024357,0.008119,0.024357,0.008119,0.024357,0.008119,0.024357,0.008119
192,35586,2.26599,1.11846,0.00464,0.73641,0.44911,0.49407,0.24664,2.11501,1.01227,0.0052,0.0243273,0.0081091,0.0243273,0.0081091,0.0243273,0.0081091,0.0243273,0.0081091
193,35700.2,2.29646,1.12873,0.00461,0.73562,0.44919,0.4943,0.24661,2.11513,1.01223,0.0052,0.0242976,0.0080992,0.0242976,0.0080992,0.0242976,0.0080992,0.0242976,0.0080992
194,35812.5,2.27873,1.12059,0.00465,0.73621,0.44921,0.49433,0.24669,2.115,1.01206,0.0052,0.0242679,0.0080893,0.0242679,0.0080893,0.0242679,0.0080893,0.0242679,0.0080893
195,35926.8,2.29198,1.12806,0.00463,0.73511,0.44969,0.49447,0.24673,2.1157,1.01162,0.0052,0.0242382,0.0080794,0.0242382,0.0080794,0.0242382,0.0080794,0.0242382,0.0080794
196,36035.2,2.2803,1.12403,0.00462,0.73627,0.44942,0.49435,0.24679,2.11539,1.01119,0.0052,0.0242085,0.0080695,0.0242085,0.0080695,0.0242085,0.0080695,0.0242085,0.0080695
197,36145.8,2.27538,1.12376,0.00464,0.7353,0.44964,0.49467,0.24684,2.11548,1.01087,0.0052,0.0241788,0.0080596,0.0241788,0.0080596,0.0241788,0.0080596,0.0241788,0.0080596
198,36253.5,2.28016,1.12026,0.00465,0.7359,0.44997,0.49527,0.24704,2.11516,1.00991,0.0052,0.0241491,0.0080497,0.0241491,0.0080497,0.0241491,0.0080497,0.0241491,0.0080497
199,36362.6,2.27547,1.13094,0.00466,0.73585,0.44987,0.49516,0.24702,2.1155,1.00984,0.0052,0.0241194,0.0080398,0.0241194,0.0080398,0.0241194,0.0080398,0.0241194,0.0080398
200,36470.7,2.29613,1.13173,0.00463,0.7362,0.44974,0.49504,0.24696,2.11496,1.00914,0.0052,0.0240897,0.0080299,0.0240897,0.0080299,0.0240897,0.0080299,0.0240897,0.0080299
201,36580.2,2.28495,1.11923,0.00462,0.7356,0.44977,0.49506,0.24695,2.11519,1.00908,0.0052,0.02406,0.00802,0.02406,0.00802,0.02406,0.00802,0.02406,0.00802
202,36688.7,2.28745,1.12727,0.00464,0.73555,0.44943,0.49504,0.24708,2.11525,1.00882,0.0052,0.0240303,0.0080101,0.0240303,0.0080101,0.0240303,0.0080101,0.0240303,0.0080101
203,36797.4,2.27803,1.12179,0.00459,0.73639,0.44934,0.49514,0.24719,2.11495,1.00812,0.0052,0.0240006,0.0080002,0.0240006,0.0080002,0.0240006,0.0080002,0.0240006,0.0080002
204,61601.2,2.27764,1.12259,0.00464,0.73557,0.44992,0.49531,0.24698,2.11533,1.00824,0.0052,0.0239709,0.0079903,0.0239709,0.0079903,0.0239709,0.0079903,0.0239709,0.0079903
205,61711,2.27914,1.11969,0.00462,0.73673,0.44972,0.49535,0.24702,2.11471,1.0086,0.0052,0.0239412,0.0079804,0.0239412,0.0079804,0.0239412,0.0079804,0.0239412,0.0079804
206,61822.7,2.2773,1.12319,0.00462,0.73688,0.4499,0.49571,0.24736,2.11462,1.00858,0.0052,0.0239115,0.0079705,0.0239115,0.0079705,0.0239115,0.0079705,0.0239115,0.0079705
207,61931.9,2.28719,1.13319,0.0046,0.73696,0.44982,0.49547,0.24705,2.11472,1.00795,0.0052,0.0238818,0.0079606,0.0238818,0.0079606,0.0238818,0.0079606,0.0238818,0.0079606
208,62042.4,2.27375,1.12481,0.00461,0.73565,0.45073,0.49568,0.24732,2.11468,1.00787,0.0052,0.0238521,0.0079507,0.0238521,0.0079507,0.0238521,0.0079507,0.0238521,0.0079507
209,62151.1,2.29078,1.13045,0.00457,0.73798,0.45048,0.49601,0.24738,2.11459,1.00738,0.0052,0.0238224,0.0079408,0.0238224,0.0079408,0.0238224,0.0079408,0.0238224,0.0079408
210,62262.3,2.27942,1.12349,0.0046,0.7393,0.45052,0.49607,0.24755,2.11444,1.00679,0.0052,0.0237927,0.0079309,0.0237927,0.0079309,0.0237927,0.0079309,0.0237927,0.0079309
211,62371,2.2713,1.11194,0.00464,0.73984,0.45042,0.4962,0.24756,2.1143,1.00644,0.0052,0.023763,0.007921,0.023763,0.007921,0.023763,0.007921,0.023763,0.007921
212,62480.5,2.27521,1.11198,0.0046,0.73988,0.45037,0.49613,0.24763,2.11394,1.00577,0.0052,0.0237333,0.0079111,0.0237333,0.0079111,0.0237333,0.0079111,0.0237333,0.0079111
213,62590.5,2.26819,1.11928,0.00456,0.73983,0.45074,0.49627,0.2477,2.11359,1.00581,0.0052,0.0237036,0.0079012,0.0237036,0.0079012,0.0237036,0.0079012,0.0237036,0.0079012
214,62699.3,2.28274,1.12483,0.00459,0.73878,0.4508,0.49586,0.24783,2.11279,1.00541,0.0052,0.0236739,0.0078913,0.0236739,0.0078913,0.0236739,0.0078913,0.0236739,0.0078913
215,62809.3,2.28252,1.13037,0.00462,0.7387,0.4509,0.49611,0.2479,2.11241,1.00421,0.0052,0.0236442,0.0078814,0.0236442,0.0078814,0.0236442,0.0078814,0.0236442,0.0078814
216,62917.3,2.28274,1.11589,0.00462,0.73774,0.45115,0.49619,0.24789,2.11186,1.00357,0.00519,0.0236145,0.0078715,0.0236145,0.0078715,0.0236145,0.0078715,0.0236145,0.0078715
217,81730.8,2.26439,1.12277,0.00465,0.7385,0.4507,0.49614,0.24804,2.11093,1.00339,0.00519,0.0235848,0.0078616,0.0235848,0.0078616,0.0235848,0.0078616,0.0235848,0.0078616
218,81844.6,2.27266,1.11462,0.00458,0.73828,0.45116,0.49641,0.24864,2.11009,1.00343,0.00519,0.0235551,0.0078517,0.0235551,0.0078517,0.0235551,0.0078517,0.0235551,0.0078517
219,81959.7,2.28288,1.12583,0.0046,0.73874,0.45105,0.49652,0.24866,2.10986,1.00347,0.00519,0.0235254,0.0078418,0.0235254,0.0078418,0.0235254,0.0078418,0.0235254,0.0078418
220,82072.1,2.28693,1.13243,0.00461,0.73603,0.45194,0.49681,0.24878,2.10955,1.0028,0.00519,0.0234957,0.0078319,0.0234957,0.0078319,0.0234957,0.0078319,0.0234957,0.0078319
221,82187.7,2.27851,1.11666,0.0046,0.73692,0.45178,0.49684,0.24895,2.10904,1.00256,0.00518,0.023466,0.007822,0.023466,0.007822,0.023466,0.007822,0.023466,0.007822
222,82301.8,2.28645,1.12187,0.00457,0.73575,0.45221,0.49688,0.24902,2.10888,1.00219,0.00518,0.0234363,0.0078121,0.0234363,0.0078121,0.0234363,0.0078121,0.0234363,0.0078121
223,82416.1,2.27021,1.1124,0.00453,0.73632,0.45236,0.49723,0.24917,2.10816,1.00178,0.00518,0.0234066,0.0078022,0.0234066,0.0078022,0.0234066,0.0078022,0.0234066,0.0078022
224,82529.9,2.28382,1.1207,0.00457,0.73617,0.45267,0.49719,0.24893,2.10822,1.0016,0.00518,0.0233769,0.0077923,0.0233769,0.0077923,0.0233769,0.0077923,0.0233769,0.0077923
225,82644.2,2.27662,1.11219,0.00462,0.73738,0.45256,0.49752,0.24935,2.10774,1.00127,0.00518,0.0233472,0.0077824,0.0233472,0.0077824,0.0233472,0.0077824,0.0233472,0.0077824
226,82766.3,2.2866,1.12645,0.00458,0.73811,0.45244,0.49753,0.24893,2.1071,1.00049,0.00517,0.0233175,0.0077725,0.0233175,0.0077725,0.0233175,0.0077725,0.0233175,0.0077725
227,82882.7,2.28208,1.11783,0.0046,0.73875,0.45259,0.49788,0.24887,2.10674,0.99989,0.00517,0.0232878,0.0077626,0.0232878,0.0077626,0.0232878,0.0077626,0.0232878,0.0077626
228,82995.1,2.28382,1.12356,0.00456,0.73902,0.45249,0.49783,0.24896,2.10619,1.00012,0.00517,0.0232581,0.0077527,0.0232581,0.0077527,0.0232581,0.0077527,0.0232581,0.0077527
229,83106.3,2.27649,1.11948,0.00459,0.7403,0.45236,0.49809,0.2491,2.10563,0.99961,0.00517,0.0232284,0.0077428,0.0232284,0.0077428,0.0232284,0.0077428,0.0232284,0.0077428
230,83226.6,2.2785,1.11911,0.00461,0.74068,0.45246,0.49816,0.24909,2.10515,0.99926,0.00516,0.0231987,0.0077329,0.0231987,0.0077329,0.0231987,0.0077329,0.0231987,0.0077329
231,83344.2,2.2822,1.12215,0.0046,0.74161,0.45256,0.49839,0.24907,2.10466,0.99961,0.00516,0.023169,0.007723,0.023169,0.007723,0.023169,0.007723,0.023169,0.007723
232,83463.8,2.27706,1.12087,0.00459,0.74208,0.45289,0.49899,0.24932,2.10449,0.99914,0.00516,0.0231393,0.0077131,0.0231393,0.0077131,0.0231393,0.0077131,0.0231393,0.0077131
233,83584.7,2.27205,1.11177,0.00461,0.74231,0.45303,0.49889,0.24955,2.10396,0.99916,0.00516,0.0231096,0.0077032,0.0231096,0.0077032,0.0231096,0.0077032,0.0231096,0.0077032
234,83708,2.26742,1.11164,0.00455,0.74318,0.45317,0.49915,0.24968,2.10334,0.99859,0.00515,0.0230799,0.0076933,0.0230799,0.0076933,0.0230799,0.0076933,0.0230799,0.0076933
235,83830.4,2.27737,1.11886,0.00461,0.74275,0.45309,0.49928,0.24985,2.10326,0.99868,0.00515,0.0230502,0.0076834,0.0230502,0.0076834,0.0230502,0.0076834,0.0230502,0.0076834
236,83958.2,2.26097,1.10749,0.00462,0.7408,0.45393,0.49946,0.24964,2.10258,0.99806,0.00515,0.0230205,0.0076735,0.0230205,0.0076735,0.0230205,0.0076735,0.0230205,0.0076735
237,84076.8,2.26929,1.11719,0.00458,0.74192,0.45418,0.4997,0.24992,2.10226,0.99819,0.00515,0.0229908,0.0076636,0.0229908,0.0076636,0.0229908,0.0076636,0.0229908,0.0076636
238,84190.1,2.26694,1.11002,0.00457,0.74131,0.45438,0.49971,0.25011,2.102,0.99752,0.00515,0.0229611,0.0076537,0.0229611,0.0076537,0.0229611,0.0076537,0.0229611,0.0076537
239,84304.8,2.27713,1.1167,0.00456,0.74189,0.45453,0.49982,0.25029,2.10085,0.99738,0.00515,0.0229314,0.0076438,0.0229314,0.0076438,0.0229314,0.0076438,0.0229314,0.0076438
240,84417.5,2.26438,1.11304,0.00463,0.74398,0.45401,0.50017,0.25049,2.10021,0.99619,0.00514,0.0229017,0.0076339,0.0229017,0.0076339,0.0229017,0.0076339,0.0229017,0.0076339
241,84531.1,2.25795,1.10902,0.00457,0.74487,0.45409,0.50015,0.25053,2.09974,0.9968,0.00514,0.022872,0.007624,0.022872,0.007624,0.022872,0.007624,0.022872,0.007624
242,84644.2,2.26138,1.11839,0.00457,0.74383,0.45463,0.50016,0.25055,2.099,0.99663,0.00513,0.0228423,0.0076141,0.0228423,0.0076141,0.0228423,0.0076141,0.0228423,0.0076141
243,84757.6,2.26947,1.11937,0.00458,0.74342,0.45436,0.50015,0.25065,2.0985,0.99593,0.00513,0.0228126,0.0076042,0.0228126,0.0076042,0.0228126,0.0076042,0.0228126,0.0076042
244,84871.1,2.26769,1.11663,0.00455,0.74411,0.4545,0.50019,0.25063,2.09868,0.99613,0.00513,0.0227829,0.0075943,0.0227829,0.0075943,0.0227829,0.0075943,0.0227829,0.0075943
245,92286.4,2.26709,1.11477,0.00463,0.74582,0.45401,0.50024,0.25063,2.09808,0.99539,0.00513,0.0227532,0.0075844,0.0227532,0.0075844,0.0227532,0.0075844,0.0227532,0.0075844
246,92396.9,2.28104,1.11609,0.00458,0.74719,0.45413,0.50066,0.25094,2.09809,0.99463,0.00513,0.0227235,0.0075745,0.0227235,0.0075745,0.0227235,0.0075745,0.0227235,0.0075745
247,92509.6,2.29255,1.118,0.00455,0.74582,0.45393,0.50057,0.25107,2.09748,0.99468,0.00513,0.0226938,0.0075646,0.0226938,0.0075646,0.0226938,0.0075646,0.0226938,0.0075646
248,92621.9,2.25563,1.11306,0.00459,0.74587,0.45385,0.50074,0.25089,2.09757,0.99434,0.00513,0.0226641,0.0075547,0.0226641,0.0075547,0.0226641,0.0075547,0.0226641,0.0075547
249,92734.9,2.28224,1.11987,0.00455,0.74675,0.45401,0.50093,0.25108,2.09663,0.99408,0.00512,0.0226344,0.0075448,0.0226344,0.0075448,0.0226344,0.0075448,0.0226344,0.0075448
250,92850.9,2.25729,1.10783,0.00454,0.74677,0.45392,0.50083,0.2513,2.09631,0.99397,0.00512,0.0226047,0.0075349,0.0226047,0.0075349,0.0226047,0.0075349,0.0226047,0.0075349
251,92968.4,2.2723,1.11037,0.00455,0.74611,0.45382,0.50081,0.25135,2.09601,0.99375,0.00512,0.022575,0.007525,0.022575,0.007525,0.022575,0.007525,0.022575,0.007525
252,93092.3,2.26102,1.11047,0.00456,0.74563,0.4546,0.50108,0.25182,2.09605,0.99343,0.00512,0.0225453,0.0075151,0.0225453,0.0075151,0.0225453,0.0075151,0.0225453,0.0075151
253,93215.4,2.26088,1.1059,0.00456,0.74611,0.45439,0.50125,0.25156,2.09496,0.99293,0.00512,0.0225156,0.0075052,0.0225156,0.0075052,0.0225156,0.0075052,0.0225156,0.0075052
254,93339,2.27687,1.11798,0.00455,0.74544,0.45518,0.50115,0.25151,2.09491,0.99292,0.00512,0.0224859,0.0074953,0.0224859,0.0074953,0.0224859,0.0074953,0.0224859,0.0074953
255,93462.7,2.27001,1.11002,0.00456,0.74578,0.45511,0.50133,0.25185,2.09337,0.99351,0.00511,0.0224562,0.0074854,0.0224562,0.0074854,0.0224562,0.0074854,0.0224562,0.0074854
256,93585.2,2.2633,1.10801,0.00457,0.74666,0.45448,0.50132,0.25224,2.09326,0.9928,0.00511,0.0224265,0.0074755,0.0224265,0.0074755,0.0224265,0.0074755,0.0224265,0.0074755
257,93703.1,2.27003,1.1088,0.0046,0.74521,0.45521,0.50168,0.25238,2.09278,0.99276,0.00511,0.0223968,0.0074656,0.0223968,0.0074656,0.0223968,0.0074656,0.0223968,0.0074656
258,93818.9,2.25871,1.11595,0.00459,0.74761,0.45476,0.50188,0.25222,2.09242,0.99262,0.0051,0.0223671,0.0074557,0.0223671,0.0074557,0.0223671,0.0074557,0.0223671,0.0074557
259,93934.5,2.26608,1.10254,0.00456,0.74555,0.45566,0.50172,0.25231,2.09264,0.99211,0.0051,0.0223374,0.0074458,0.0223374,0.0074458,0.0223374,0.0074458,0.0223374,0.0074458
260,94049.8,2.2604,1.10361,0.00455,0.74572,0.4559,0.50205,0.25276,2.09185,0.99083,0.0051,0.0223077,0.0074359,0.0223077,0.0074359,0.0223077,0.0074359,0.0223077,0.0074359
261,94164.5,2.28037,1.11496,0.00454,0.74589,0.45589,0.50189,0.25269,2.09158,0.99083,0.0051,0.022278,0.007426,0.022278,0.007426,0.022278,0.007426,0.022278,0.007426
262,94277.4,2.27953,1.10949,0.00456,0.74474,0.4566,0.50207,0.25276,2.09172,0.9897,0.0051,0.0222483,0.0074161,0.0222483,0.0074161,0.0222483,0.0074161,0.0222483,0.0074161
263,94392.5,2.25381,1.1012,0.00457,0.74726,0.45582,0.50214,0.25248,2.09068,0.98967,0.0051,0.0222186,0.0074062,0.0222186,0.0074062,0.0222186,0.0074062,0.0222186,0.0074062
264,98159.4,2.2757,1.11305,0.00453,0.74749,0.45604,0.50246,0.25264,2.09089,0.98928,0.0051,0.0221889,0.0073963,0.0221889,0.0073963,0.0221889,0.0073963,0.0221889,0.0073963
265,98273.8,2.2806,1.12167,0.00457,0.74684,0.45654,0.50238,0.25262,2.09032,0.98971,0.00509,0.0221592,0.0073864,0.0221592,0.0073864,0.0221592,0.0073864,0.0221592,0.0073864
266,98387.1,2.26939,1.10901,0.0045,0.74697,0.45649,0.50253,0.25301,2.09003,0.98928,0.00509,0.0221295,0.0073765,0.0221295,0.0073765,0.0221295,0.0073765,0.0221295,0.0073765
267,98499.9,2.2741,1.11786,0.00452,0.74564,0.457,0.50259,0.25313,2.08912,0.98949,0.00509,0.0220998,0.0073666,0.0220998,0.0073666,0.0220998,0.0073666,0.0220998,0.0073666
268,98611.4,2.26072,1.1039,0.00451,0.74523,0.45712,0.50245,0.25323,2.08855,0.98977,0.00509,0.0220701,0.0073567,0.0220701,0.0073567,0.0220701,0.0073567,0.0220701,0.0073567
269,98722.7,2.25842,1.11481,0.0046,0.7457,0.45715,0.50259,0.25328,2.0878,0.98999,0.00508,0.0220404,0.0073468,0.0220404,0.0073468,0.0220404,0.0073468,0.0220404,0.0073468
270,98839.4,2.27208,1.11519,0.00452,0.7467,0.45717,0.50282,0.25329,2.0883,0.98929,0.00508,0.0220107,0.0073369,0.0220107,0.0073369,0.0220107,0.0073369,0.0220107,0.0073369
271,98963.4,2.27054,1.10658,0.00451,0.7466,0.4571,0.50289,0.25351,2.08745,0.98872,0.00508,0.021981,0.007327,0.021981,0.007327,0.021981,0.007327,0.021981,0.007327
272,99087.3,2.27904,1.11328,0.00455,0.7466,0.4573,0.50402,0.25371,2.0877,0.988,0.00508,0.0219513,0.0073171,0.0219513,0.0073171,0.0219513,0.0073171,0.0219513,0.0073171
273,99211.8,2.26927,1.10961,0.00453,0.74673,0.45763,0.50435,0.25376,2.08644,0.98884,0.00507,0.0219216,0.0073072,0.0219216,0.0073072,0.0219216,0.0073072,0.0219216,0.0073072
274,99335.5,2.27871,1.10955,0.00457,0.7468,0.45796,0.5045,0.25407,2.08566,0.98762,0.00507,0.0218919,0.0072973,0.0218919,0.0072973,0.0218919,0.0072973,0.0218919,0.0072973
275,99462.1,2.26997,1.10582,0.00453,0.74782,0.45764,0.50465,0.25403,2.08576,0.98712,0.00507,0.0218622,0.0072874,0.0218622,0.0072874,0.0218622,0.0072874,0.0218622,0.0072874
276,99586.9,2.28151,1.10817,0.00453,0.74738,0.45754,0.50472,0.25388,2.08551,0.98725,0.00507,0.0218325,0.0072775,0.0218325,0.0072775,0.0218325,0.0072775,0.0218325,0.0072775
277,99707.5,2.2698,1.10979,0.00453,0.74883,0.45735,0.50481,0.25393,2.08534,0.98641,0.00507,0.0218028,0.0072676,0.0218028,0.0072676,0.0218028,0.0072676,0.0218028,0.0072676
278,99831.9,2.26605,1.11028,0.00449,0.7491,0.4574,0.50505,0.25434,2.0848,0.98604,0.00507,0.0217731,0.0072577,0.0217731,0.0072577,0.0217731,0.0072577,0.0217731,0.0072577
279,99952.9,2.27481,1.10553,0.00457,0.74768,0.45813,0.50529,0.25436,2.08433,0.98592,0.00506,0.0217434,0.0072478,0.0217434,0.0072478,0.0217434,0.0072478,0.0217434,0.0072478
280,100077,2.26987,1.10974,0.00454,0.74941,0.45785,0.50555,0.25445,2.08456,0.98582,0.00506,0.0217137,0.0072379,0.0217137,0.0072379,0.0217137,0.0072379,0.0217137,0.0072379
281,100201,2.26547,1.1037,0.00457,0.75146,0.45769,0.50586,0.25458,2.08339,0.98554,0.00506,0.021684,0.007228,0.021684,0.007228,0.021684,0.007228,0.021684,0.007228
282,100323,2.26476,1.10159,0.00457,0.753,0.4573,0.50591,0.25466,2.08355,0.98521,0.00506,0.0216543,0.0072181,0.0216543,0.0072181,0.0216543,0.0072181,0.0216543,0.0072181
283,100447,2.24967,1.09657,0.00452,0.75229,0.45738,0.5058,0.25454,2.08325,0.98532,0.00506,0.0216246,0.0072082,0.0216246,0.0072082,0.0216246,0.0072082,0.0216246,0.0072082
284,100570,2.2777,1.10967,0.00453,0.75237,0.45735,0.50581,0.25479,2.08227,0.98503,0.00505,0.0215949,0.0071983,0.0215949,0.0071983,0.0215949,0.0071983,0.0215949,0.0071983
285,100695,2.25938,1.10665,0.00455,0.75077,0.45789,0.50602,0.25526,2.08222,0.98449,0.00506,0.0215652,0.0071884,0.0215652,0.0071884,0.0215652,0.0071884,0.0215652,0.0071884
286,100817,2.25865,1.09906,0.00454,0.75273,0.45733,0.50585,0.25521,2.08142,0.98414,0.00505,0.0215355,0.0071785,0.0215355,0.0071785,0.0215355,0.0071785,0.0215355,0.0071785
287,100935,2.27169,1.10688,0.00455,0.7527,0.45733,0.50593,0.25477,2.08173,0.98352,0.00506,0.0215058,0.0071686,0.0215058,0.0071686,0.0215058,0.0071686,0.0215058,0.0071686
288,101050,2.25648,1.10172,0.00454,0.75311,0.45748,0.50607,0.25482,2.08092,0.98308,0.00505,0.0214761,0.0071587,0.0214761,0.0071587,0.0214761,0.0071587,0.0214761,0.0071587
289,101167,2.26528,1.10432,0.00455,0.75274,0.45811,0.50633,0.25504,2.08077,0.98296,0.00505,0.0214464,0.0071488,0.0214464,0.0071488,0.0214464,0.0071488,0.0214464,0.0071488
290,101284,2.24585,1.09499,0.00453,0.75207,0.4585,0.5065,0.25516,2.0806,0.9823,0.00505,0.0214167,0.0071389,0.0214167,0.0071389,0.0214167,0.0071389,0.0214167,0.0071389
291,101402,2.26062,1.10184,0.00455,0.75325,0.45828,0.50633,0.2552,2.07987,0.98168,0.00505,0.021387,0.007129,0.021387,0.007129,0.021387,0.007129,0.021387,0.007129
292,101518,2.27387,1.1062,0.00453,0.75449,0.45788,0.50636,0.25522,2.08042,0.98145,0.00505,0.0213573,0.0071191,0.0213573,0.0071191,0.0213573,0.0071191,0.0213573,0.0071191
293,101636,2.25843,1.1028,0.0045,0.75274,0.45856,0.50614,0.2554,2.08013,0.98157,0.00505,0.0213276,0.0071092,0.0213276,0.0071092,0.0213276,0.0071092,0.0213276,0.0071092
294,101755,2.25678,1.0951,0.00456,0.7528,0.45833,0.5062,0.25534,2.07991,0.98133,0.00504,0.0212979,0.0070993,0.0212979,0.0070993,0.0212979,0.0070993,0.0212979,0.0070993
295,101879,2.25961,1.09741,0.00452,0.75287,0.45851,0.50632,0.25557,2.07968,0.98117,0.00504,0.0212682,0.0070894,0.0212682,0.0070894,0.0212682,0.0070894,0.0212682,0.0070894
296,102002,2.26352,1.10947,0.0045,0.7525,0.45847,0.50657,0.25561,2.07969,0.9808,0.00504,0.0212385,0.0070795,0.0212385,0.0070795,0.0212385,0.0070795,0.0212385,0.0070795
297,102125,2.2647,1.09955,0.00454,0.752,0.45859,0.50669,0.25586,2.07869,0.9801,0.00504,0.0212088,0.0070696,0.0212088,0.0070696,0.0212088,0.0070696,0.0212088,0.0070696
298,102245,2.26648,1.10869,0.00455,0.75399,0.45862,0.50691,0.25594,2.0786,0.98051,0.00504,0.0211791,0.0070597,0.0211791,0.0070597,0.0211791,0.0070597,0.0211791,0.0070597
299,102368,2.25548,1.10421,0.00456,0.75261,0.45939,0.50718,0.25615,2.07829,0.97981,0.00504,0.0211494,0.0070498,0.0211494,0.0070498,0.0211494,0.0070498,0.0211494,0.0070498
300,102487,2.26333,1.1048,0.00457,0.75242,0.45962,0.50735,0.2562,2.07835,0.9795,0.00503,0.0211197,0.0070399,0.0211197,0.0070399,0.0211197,0.0070399,0.0211197,0.0070399
301,102611,2.2561,1.09956,0.00457,0.75335,0.45905,0.50732,0.25627,2.07757,0.98,0.00503,0.02109,0.00703,0.02109,0.00703,0.02109,0.00703,0.02109,0.00703
302,102733,2.26157,1.09776,0.00452,0.75307,0.45942,0.50739,0.25631,2.07713,0.98054,0.00503,0.0210603,0.0070201,0.0210603,0.0070201,0.0210603,0.0070201,0.0210603,0.0070201
303,102856,2.26278,1.10345,0.00453,0.75265,0.45972,0.50739,0.25625,2.07701,0.98023,0.00503,0.0210306,0.0070102,0.0210306,0.0070102,0.0210306,0.0070102,0.0210306,0.0070102
304,102978,2.27129,1.10081,0.00452,0.75169,0.45979,0.50716,0.25619,2.07652,0.98062,0.00502,0.0210009,0.0070003,0.0210009,0.0070003,0.0210009,0.0070003,0.0210009,0.0070003
305,103102,2.2673,1.10674,0.00454,0.75273,0.45954,0.50729,0.25628,2.0768,0.98015,0.00502,0.0209712,0.0069904,0.0209712,0.0069904,0.0209712,0.0069904,0.0209712,0.0069904
306,103224,2.26171,1.10252,0.00457,0.75235,0.4598,0.50754,0.25648,2.07556,0.98039,0.00502,0.0209415,0.0069805,0.0209415,0.0069805,0.0209415,0.0069805,0.0209415,0.0069805
307,103346,2.26593,1.11111,0.00453,0.75348,0.4596,0.50774,0.25673,2.07517,0.98,0.00501,0.0209118,0.0069706,0.0209118,0.0069706,0.0209118,0.0069706,0.0209118,0.0069706
308,103462,2.26143,1.10122,0.0045,0.75459,0.45952,0.50773,0.25695,2.075,0.97975,0.00501,0.0208821,0.0069607,0.0208821,0.0069607,0.0208821,0.0069607,0.0208821,0.0069607
309,103579,2.26243,1.09745,0.0045,0.75451,0.4601,0.50809,0.25698,2.07531,0.97951,0.00501,0.0208524,0.0069508,0.0208524,0.0069508,0.0208524,0.0069508,0.0208524,0.0069508
310,103695,2.24492,1.09251,0.00454,0.754,0.46037,0.50809,0.25713,2.0738,0.9792,0.00501,0.0208227,0.0069409,0.0208227,0.0069409,0.0208227,0.0069409,0.0208227,0.0069409
311,103813,2.24606,1.10856,0.00457,0.753,0.46068,0.50818,0.25723,2.0735,0.97887,0.00501,0.020793,0.006931,0.020793,0.006931,0.020793,0.006931,0.020793,0.006931
312,103929,2.25648,1.09701,0.00453,0.75347,0.46105,0.50841,0.25691,2.07389,0.97741,0.00501,0.0207633,0.0069211,0.0207633,0.0069211,0.0207633,0.0069211,0.0207633,0.0069211
313,104047,2.2483,1.09369,0.00454,0.7532,0.46138,0.50863,0.25703,2.07355,0.97766,0.00501,0.0207336,0.0069112,0.0207336,0.0069112,0.0207336,0.0069112,0.0207336,0.0069112
314,104164,2.25216,1.10215,0.00451,0.75328,0.46105,0.50863,0.25709,2.07342,0.97684,0.00501,0.0207039,0.0069013,0.0207039,0.0069013,0.0207039,0.0069013,0.0207039,0.0069013
315,104894,2.25381,1.09539,0.00451,0.75331,0.46124,0.5086,0.25701,2.07358,0.97658,0.00501,0.0206742,0.0068914,0.0206742,0.0068914,0.0206742,0.0068914,0.0206742,0.0068914
316,105014,2.26157,1.11022,0.00453,0.75497,0.46074,0.50853,0.25708,2.07264,0.9773,0.00501,0.0206445,0.0068815,0.0206445,0.0068815,0.0206445,0.0068815,0.0206445,0.0068815
317,105137,2.25447,1.10431,0.00451,0.75447,0.461,0.50865,0.2571,2.0721,0.97686,0.00501,0.0206148,0.0068716,0.0206148,0.0068716,0.0206148,0.0068716,0.0206148,0.0068716
318,105259,2.23674,1.09125,0.00454,0.7551,0.46107,0.50891,0.25713,2.07155,0.9771,0.005,0.0205851,0.0068617,0.0205851,0.0068617,0.0205851,0.0068617,0.0205851,0.0068617
319,105382,2.25355,1.09701,0.0045,0.75489,0.46117,0.50884,0.25734,2.07147,0.97683,0.005,0.0205554,0.0068518,0.0205554,0.0068518,0.0205554,0.0068518,0.0205554,0.0068518
320,105506,2.24929,1.09687,0.00455,0.75523,0.46105,0.50895,0.2574,2.07113,0.97698,0.005,0.0205257,0.0068419,0.0205257,0.0068419,0.0205257,0.0068419,0.0205257,0.0068419
321,105630,2.24653,1.08918,0.00449,0.7561,0.4608,0.50881,0.25779,2.07039,0.97722,0.005,0.020496,0.006832,0.020496,0.006832,0.020496,0.006832,0.020496,0.006832
322,105754,2.26047,1.09567,0.00449,0.75721,0.46035,0.50904,0.25758,2.07047,0.9765,0.005,0.0204663,0.0068221,0.0204663,0.0068221,0.0204663,0.0068221,0.0204663,0.0068221
323,105875,2.24721,1.09656,0.00452,0.75737,0.46012,0.50916,0.25766,2.06983,0.97678,0.005,0.0204366,0.0068122,0.0204366,0.0068122,0.0204366,0.0068122,0.0204366,0.0068122
324,105999,2.25767,1.10167,0.00451,0.75779,0.4604,0.50925,0.25769,2.06953,0.97659,0.005,0.0204069,0.0068023,0.0204069,0.0068023,0.0204069,0.0068023,0.0204069,0.0068023
325,106118,2.23935,1.08975,0.00451,0.7566,0.4607,0.50924,0.25776,2.06883,0.97656,0.00499,0.0203772,0.0067924,0.0203772,0.0067924,0.0203772,0.0067924,0.0203772,0.0067924
326,106241,2.2476,1.09402,0.00451,0.7571,0.46013,0.50915,0.25776,2.06834,0.97746,0.00499,0.0203475,0.0067825,0.0203475,0.0067825,0.0203475,0.0067825,0.0203475,0.0067825
327,106357,2.24909,1.09557,0.00458,0.75601,0.46038,0.50924,0.25823,2.06854,0.97641,0.00499,0.0203178,0.0067726,0.0203178,0.0067726,0.0203178,0.0067726,0.0203178,0.0067726
328,106482,2.24834,1.09493,0.00449,0.75404,0.46088,0.50913,0.25823,2.06782,0.97609,0.00499,0.0202881,0.0067627,0.0202881,0.0067627,0.0202881,0.0067627,0.0202881,0.0067627
329,106604,2.25414,1.10265,0.00452,0.75435,0.46133,0.50931,0.25799,2.06774,0.9763,0.00499,0.0202584,0.0067528,0.0202584,0.0067528,0.0202584,0.0067528,0.0202584,0.0067528
330,106729,2.26282,1.09961,0.00451,0.75576,0.46128,0.50945,0.25798,2.0672,0.97604,0.00498,0.0202287,0.0067429,0.0202287,0.0067429,0.0202287,0.0067429,0.0202287,0.0067429
331,106850,2.25978,1.10084,0.00447,0.755,0.46133,0.50951,0.25853,2.0672,0.97598,0.00498,0.020199,0.006733,0.020199,0.006733,0.020199,0.006733,0.020199,0.006733
332,106973,2.24968,1.09014,0.0045,0.75429,0.46141,0.50944,0.25867,2.06644,0.97549,0.00498,0.0201693,0.0067231,0.0201693,0.0067231,0.0201693,0.0067231,0.0201693,0.0067231
333,107091,2.2456,1.09585,0.00454,0.75538,0.46114,0.50924,0.25869,2.06641,0.97587,0.00498,0.0201396,0.0067132,0.0201396,0.0067132,0.0201396,0.0067132,0.0201396,0.0067132
334,107214,2.23588,1.0886,0.00449,0.7547,0.46147,0.50923,0.25872,2.06601,0.97522,0.00498,0.0201099,0.0067033,0.0201099,0.0067033,0.0201099,0.0067033,0.0201099,0.0067033
335,107336,2.24974,1.09513,0.00454,0.75484,0.46123,0.50924,0.25883,2.06578,0.97475,0.00498,0.0200802,0.0066934,0.0200802,0.0066934,0.0200802,0.0066934,0.0200802,0.0066934
336,107460,2.25693,1.09714,0.00448,0.75526,0.46103,0.50926,0.25858,2.06506,0.97515,0.00497,0.0200505,0.0066835,0.0200505,0.0066835,0.0200505,0.0066835,0.0200505,0.0066835
337,107582,2.251,1.09732,0.00454,0.75443,0.46138,0.50936,0.2587,2.06451,0.97514,0.00497,0.0200208,0.0066736,0.0200208,0.0066736,0.0200208,0.0066736,0.0200208,0.0066736
338,107704,2.25301,1.10091,0.00452,0.75527,0.46127,0.50941,0.25866,2.0647,0.97452,0.00497,0.0199911,0.0066637,0.0199911,0.0066637,0.0199911,0.0066637,0.0199911,0.0066637
339,107826,2.25454,1.09951,0.00451,0.75551,0.46151,0.50971,0.25884,2.06462,0.97395,0.00497,0.0199614,0.0066538,0.0199614,0.0066538,0.0199614,0.0066538,0.0199614,0.0066538
340,107948,2.23355,1.08521,0.0045,0.75609,0.46123,0.50972,0.25915,2.06458,0.97307,0.00497,0.0199317,0.0066439,0.0199317,0.0066439,0.0199317,0.0066439,0.0199317,0.0066439
341,108064,2.24511,1.08746,0.00448,0.75577,0.46153,0.50991,0.25916,2.06412,0.97336,0.00497,0.019902,0.006634,0.019902,0.006634,0.019902,0.006634,0.019902,0.006634
342,108180,2.2556,1.09786,0.00447,0.75583,0.46153,0.50988,0.25925,2.06377,0.97333,0.00497,0.0198723,0.0066241,0.0198723,0.0066241,0.0198723,0.0066241,0.0198723,0.0066241
343,108295,2.26044,1.09795,0.00448,0.75636,0.46121,0.50984,0.2593,2.06374,0.97326,0.00497,0.0198426,0.0066142,0.0198426,0.0066142,0.0198426,0.0066142,0.0198426,0.0066142
344,108413,2.25034,1.09054,0.00446,0.75643,0.46138,0.50999,0.25933,2.06261,0.97341,0.00496,0.0198129,0.0066043,0.0198129,0.0066043,0.0198129,0.0066043,0.0198129,0.0066043
345,108528,2.24301,1.09539,0.00447,0.75618,0.46127,0.50986,0.25933,2.06207,0.97361,0.00496,0.0197832,0.0065944,0.0197832,0.0065944,0.0197832,0.0065944,0.0197832,0.0065944
346,108648,2.25434,1.10096,0.00446,0.75609,0.46131,0.50992,0.25938,2.06154,0.9735,0.00496,0.0197535,0.0065845,0.0197535,0.0065845,0.0197535,0.0065845,0.0197535,0.0065845
347,108764,2.26727,1.09939,0.00446,0.75567,0.46214,0.51014,0.25934,2.0613,0.97403,0.00496,0.0197238,0.0065746,0.0197238,0.0065746,0.0197238,0.0065746,0.0197238,0.0065746
348,108893,2.25626,1.09222,0.00447,0.7557,0.46179,0.51003,0.25905,2.06117,0.97377,0.00496,0.0196941,0.0065647,0.0196941,0.0065647,0.0196941,0.0065647,0.0196941,0.0065647
349,109016,2.23504,1.08248,0.00449,0.75488,0.46249,0.51034,0.25931,2.0605,0.97294,0.00496,0.0196644,0.0065548,0.0196644,0.0065548,0.0196644,0.0065548,0.0196644,0.0065548
350,109140,2.25096,1.09271,0.00445,0.75479,0.46234,0.51029,0.25939,2.06042,0.97187,0.00495,0.0196347,0.0065449,0.0196347,0.0065449,0.0196347,0.0065449,0.0196347,0.0065449
351,109267,2.25185,1.09825,0.00447,0.75551,0.46189,0.51034,0.25972,2.0596,0.97198,0.00495,0.019605,0.006535,0.019605,0.006535,0.019605,0.006535,0.019605,0.006535
352,109447,2.26031,1.09702,0.00453,0.7541,0.46245,0.51028,0.25975,2.05917,0.97229,0.00495,0.0195753,0.0065251,0.0195753,0.0065251,0.0195753,0.0065251,0.0195753,0.0065251
353,109642,2.25783,1.10011,0.0045,0.75269,0.4632,0.51046,0.2598,2.05939,0.97122,0.00495,0.0195456,0.0065152,0.0195456,0.0065152,0.0195456,0.0065152,0.0195456,0.0065152
354,109766,2.24902,1.08252,0.00444,0.75246,0.46362,0.51085,0.25964,2.05932,0.97102,0.00495,0.0195159,0.0065053,0.0195159,0.0065053,0.0195159,0.0065053,0.0195159,0.0065053
355,109909,2.23581,1.08494,0.00448,0.75282,0.4639,0.51106,0.25953,2.0589,0.97075,0.00495,0.0194862,0.0064954,0.0194862,0.0064954,0.0194862,0.0064954,0.0194862,0.0064954
356,110034,2.26187,1.09978,0.00451,0.7531,0.46415,0.51134,0.25972,2.05802,0.97061,0.00495,0.0194565,0.0064855,0.0194565,0.0064855,0.0194565,0.0064855,0.0194565,0.0064855
357,110159,2.23751,1.08607,0.00448,0.75267,0.46419,0.51123,0.25966,2.05787,0.97078,0.00494,0.0194268,0.0064756,0.0194268,0.0064756,0.0194268,0.0064756,0.0194268,0.0064756
358,110285,2.23964,1.08766,0.00451,0.75262,0.46422,0.51132,0.25983,2.05788,0.97078,0.00494,0.0193971,0.0064657,0.0193971,0.0064657,0.0193971,0.0064657,0.0193971,0.0064657
359,110405,2.23355,1.08509,0.00449,0.75241,0.46447,0.51138,0.26008,2.05806,0.97048,0.00494,0.0193674,0.0064558,0.0193674,0.0064558,0.0193674,0.0064558,0.0193674,0.0064558
360,110530,2.25012,1.08804,0.00445,0.75345,0.46429,0.51164,0.26002,2.05794,0.97061,0.00494,0.0193377,0.0064459,0.0193377,0.0064459,0.0193377,0.0064459,0.0193377,0.0064459
361,110655,2.24711,1.08649,0.00449,0.75233,0.46487,0.51175,0.26013,2.05766,0.9708,0.00494,0.019308,0.006436,0.019308,0.006436,0.019308,0.006436,0.019308,0.006436
362,110780,2.24752,1.09639,0.00449,0.75248,0.46514,0.51171,0.26019,2.05723,0.97051,0.00494,0.0192783,0.0064261,0.0192783,0.0064261,0.0192783,0.0064261,0.0192783,0.0064261
363,110905,2.24517,1.09245,0.00448,0.75276,0.46479,0.51178,0.26044,2.05721,0.97026,0.00494,0.0192486,0.0064162,0.0192486,0.0064162,0.0192486,0.0064162,0.0192486,0.0064162
364,111032,2.24906,1.09313,0.00447,0.75183,0.46526,0.51192,0.26025,2.05734,0.97038,0.00494,0.0192189,0.0064063,0.0192189,0.0064063,0.0192189,0.0064063,0.0192189,0.0064063
365,111156,2.24168,1.08387,0.00447,0.75167,0.46526,0.51202,0.26023,2.05682,0.9701,0.00494,0.0191892,0.0063964,0.0191892,0.0063964,0.0191892,0.0063964,0.0191892,0.0063964
366,111280,2.23109,1.08248,0.00445,0.75125,0.46526,0.51179,0.2603,2.05672,0.96982,0.00494,0.0191595,0.0063865,0.0191595,0.0063865,0.0191595,0.0063865,0.0191595,0.0063865
367,111399,2.25118,1.09375,0.00449,0.75156,0.46559,0.51194,0.26036,2.05657,0.96954,0.00494,0.0191298,0.0063766,0.0191298,0.0063766,0.0191298,0.0063766,0.0191298,0.0063766
368,111515,2.25154,1.08908,0.00448,0.75179,0.46579,0.51213,0.26033,2.05565,0.9698,0.00493,0.0191001,0.0063667,0.0191001,0.0063667,0.0191001,0.0063667,0.0191001,0.0063667
369,111632,2.25256,1.09311,0.00444,0.75304,0.46516,0.51207,0.26069,2.05509,0.96932,0.00493,0.0190704,0.0063568,0.0190704,0.0063568,0.0190704,0.0063568,0.0190704,0.0063568
370,111747,2.24499,1.08996,0.00447,0.75224,0.46546,0.51222,0.26088,2.05514,0.9683,0.00493,0.0190407,0.0063469,0.0190407,0.0063469,0.0190407,0.0063469,0.0190407,0.0063469
371,111863,2.23855,1.08627,0.00447,0.75209,0.46554,0.51222,0.26089,2.05444,0.96801,0.00493,0.019011,0.006337,0.019011,0.006337,0.019011,0.006337,0.019011,0.006337
372,111977,2.24029,1.0846,0.00446,0.7517,0.46571,0.51237,0.26096,2.05381,0.96806,0.00492,0.0189813,0.0063271,0.0189813,0.0063271,0.0189813,0.0063271,0.0189813,0.0063271
373,112105,2.25185,1.0962,0.00447,0.75285,0.46588,0.51276,0.26094,2.05354,0.9671,0.00492,0.0189516,0.0063172,0.0189516,0.0063172,0.0189516,0.0063172,0.0189516,0.0063172
374,112291,2.23332,1.08357,0.00446,0.75291,0.46618,0.51287,0.2608,2.05389,0.96686,0.00492,0.0189219,0.0063073,0.0189219,0.0063073,0.0189219,0.0063073,0.0189219,0.0063073
375,112509,2.23871,1.08278,0.00445,0.75316,0.46607,0.51301,0.26097,2.05342,0.96716,0.00492,0.0188922,0.0062974,0.0188922,0.0062974,0.0188922,0.0062974,0.0188922,0.0062974
376,112670,2.25464,1.0913,0.00447,0.75234,0.46681,0.51321,0.2612,2.05324,0.96672,0.00492,0.0188625,0.0062875,0.0188625,0.0062875,0.0188625,0.0062875,0.0188625,0.0062875
377,112790,2.23918,1.09256,0.00446,0.75382,0.46665,0.51328,0.26113,2.05301,0.96599,0.00492,0.0188328,0.0062776,0.0188328,0.0062776,0.0188328,0.0062776,0.0188328,0.0062776
378,112914,2.24768,1.0874,0.00442,0.75325,0.46648,0.5131,0.2609,2.0528,0.96555,0.00492,0.0188031,0.0062677,0.0188031,0.0062677,0.0188031,0.0062677,0.0188031,0.0062677
379,113038,2.23339,1.08726,0.00448,0.75415,0.46632,0.51326,0.26093,2.05208,0.96554,0.00492,0.0187734,0.0062578,0.0187734,0.0062578,0.0187734,0.0062578,0.0187734,0.0062578
380,113162,2.22432,1.07948,0.00445,0.7556,0.46567,0.51325,0.26107,2.05197,0.96511,0.00492,0.0187437,0.0062479,0.0187437,0.0062479,0.0187437,0.0062479,0.0187437,0.0062479
381,113285,2.24212,1.08431,0.00438,0.75451,0.46595,0.5132,0.2609,2.05153,0.96573,0.00492,0.018714,0.006238,0.018714,0.006238,0.018714,0.006238,0.018714,0.006238
382,113409,2.24816,1.08621,0.00447,0.75501,0.46565,0.51327,0.26122,2.0516,0.96556,0.00492,0.0186843,0.0062281,0.0186843,0.0062281,0.0186843,0.0062281,0.0186843,0.0062281
383,113531,2.22329,1.08298,0.00447,0.75395,0.46574,0.51322,0.26138,2.05157,0.9654,0.00492,0.0186546,0.0062182,0.0186546,0.0062182,0.0186546,0.0062182,0.0186546,0.0062182
384,113655,2.23849,1.07923,0.00448,0.75375,0.46575,0.51321,0.26099,2.05166,0.96489,0.00492,0.0186249,0.0062083,0.0186249,0.0062083,0.0186249,0.0062083,0.0186249,0.0062083
385,113780,2.24801,1.08812,0.00445,0.75226,0.46631,0.51324,0.26098,2.05096,0.96513,0.00492,0.0185952,0.0061984,0.0185952,0.0061984,0.0185952,0.0061984,0.0185952,0.0061984
386,113905,2.23422,1.08994,0.00449,0.75342,0.46623,0.51338,0.2615,2.05044,0.96435,0.00492,0.0185655,0.0061885,0.0185655,0.0061885,0.0185655,0.0061885,0.0185655,0.0061885
387,114030,2.24065,1.07445,0.0044,0.75379,0.46587,0.5134,0.26159,2.05056,0.96412,0.00492,0.0185358,0.0061786,0.0185358,0.0061786,0.0185358,0.0061786,0.0185358,0.0061786
388,114156,2.24086,1.09098,0.00441,0.75356,0.46576,0.51347,0.26165,2.04999,0.9642,0.00491,0.0185061,0.0061687,0.0185061,0.0061687,0.0185061,0.0061687,0.0185061,0.0061687
389,114277,2.22301,1.0767,0.00445,0.7539,0.46576,0.51337,0.26166,2.0496,0.96421,0.00491,0.0184764,0.0061588,0.0184764,0.0061588,0.0184764,0.0061588,0.0184764,0.0061588
390,114402,2.25228,1.09828,0.00443,0.75261,0.46584,0.51332,0.26142,2.04975,0.96451,0.00491,0.0184467,0.0061489,0.0184467,0.0061489,0.0184467,0.0061489,0.0184467,0.0061489
391,114526,2.24911,1.09234,0.00446,0.75256,0.46571,0.51334,0.26142,2.04948,0.96394,0.00491,0.018417,0.006139,0.018417,0.006139,0.018417,0.006139,0.018417,0.006139
392,114649,2.22092,1.08957,0.00445,0.75299,0.46594,0.51355,0.26166,2.04921,0.96403,0.00491,0.0183873,0.0061291,0.0183873,0.0061291,0.0183873,0.0061291,0.0183873,0.0061291
393,114774,2.2516,1.09399,0.0044,0.75355,0.46627,0.51357,0.26155,2.04962,0.96318,0.00491,0.0183576,0.0061192,0.0183576,0.0061192,0.0183576,0.0061192,0.0183576,0.0061192
394,114900,2.2418,1.08648,0.00447,0.75205,0.46716,0.51372,0.26191,2.04936,0.96339,0.00491,0.0183279,0.0061093,0.0183279,0.0061093,0.0183279,0.0061093,0.0183279,0.0061093
395,115025,2.24083,1.08488,0.00441,0.75188,0.4673,0.51379,0.26191,2.04995,0.96324,0.00491,0.0182982,0.0060994,0.0182982,0.0060994,0.0182982,0.0060994,0.0182982,0.0060994
396,115149,2.24586,1.09421,0.00446,0.75185,0.46749,0.51397,0.26168,2.04945,0.963,0.00491,0.0182685,0.0060895,0.0182685,0.0060895,0.0182685,0.0060895,0.0182685,0.0060895
397,115273,2.23267,1.08192,0.00446,0.75491,0.46726,0.51426,0.26198,2.04953,0.96235,0.00491,0.0182388,0.0060796,0.0182388,0.0060796,0.0182388,0.0060796,0.0182388,0.0060796
398,115398,2.24488,1.09099,0.00445,0.75344,0.46677,0.51393,0.26218,2.04886,0.96196,0.00491,0.0182091,0.0060697,0.0182091,0.0060697,0.0182091,0.0060697,0.0182091,0.0060697
399,115518,2.24025,1.08031,0.00443,0.7532,0.46685,0.51408,0.26223,2.0489,0.96205,0.00491,0.0181794,0.0060598,0.0181794,0.0060598,0.0181794,0.0060598,0.0181794,0.0060598
400,115634,2.22563,1.07574,0.00445,0.75309,0.46697,0.51404,0.26193,2.0492,0.9618,0.00491,0.0181497,0.0060499,0.0181497,0.0060499,0.0181497,0.0060499,0.0181497,0.0060499
401,115751,2.24145,1.08397,0.00444,0.75365,0.46681,0.51385,0.26213,2.0496,0.96123,0.00491,0.01812,0.00604,0.01812,0.00604,0.01812,0.00604,0.01812,0.00604
402,115873,2.22894,1.08272,0.00442,0.75242,0.46728,0.51396,0.26166,2.04916,0.96196,0.00491,0.0180903,0.0060301,0.0180903,0.0060301,0.0180903,0.0060301,0.0180903,0.0060301
403,116000,2.23676,1.08838,0.00449,0.75361,0.4668,0.51386,0.26181,2.04862,0.96191,0.00491,0.0180606,0.0060202,0.0180606,0.0060202,0.0180606,0.0060202,0.0180606,0.0060202
404,116125,2.23485,1.0746,0.00441,0.75423,0.4669,0.51426,0.26233,2.04851,0.96159,0.00491,0.0180309,0.0060103,0.0180309,0.0060103,0.0180309,0.0060103,0.0180309,0.0060103
405,116250,2.23955,1.0833,0.00442,0.75274,0.46786,0.51437,0.26229,2.04815,0.96138,0.00491,0.0180012,0.0060004,0.0180012,0.0060004,0.0180012,0.0060004,0.0180012,0.0060004
406,116371,2.21993,1.08045,0.00446,0.75418,0.46763,0.51443,0.26204,2.04821,0.96104,0.00491,0.0179715,0.0059905,0.0179715,0.0059905,0.0179715,0.0059905,0.0179715,0.0059905
407,116495,2.2296,1.08364,0.00442,0.75349,0.46743,0.51435,0.26208,2.04855,0.96107,0.00491,0.0179418,0.0059806,0.0179418,0.0059806,0.0179418,0.0059806,0.0179418,0.0059806
408,116620,2.23608,1.08423,0.00444,0.75326,0.4674,0.51453,0.262,2.04862,0.96091,0.00491,0.0179121,0.0059707,0.0179121,0.0059707,0.0179121,0.0059707,0.0179121,0.0059707
409,116746,2.24517,1.08489,0.00442,0.75425,0.46733,0.51471,0.26219,2.04901,0.96056,0.00491,0.0178824,0.0059608,0.0178824,0.0059608,0.0178824,0.0059608,0.0178824,0.0059608
410,116870,2.2219,1.07343,0.00442,0.75471,0.46733,0.51502,0.26253,2.04862,0.96027,0.00491,0.0178527,0.0059509,0.0178527,0.0059509,0.0178527,0.0059509,0.0178527,0.0059509
411,116995,2.23801,1.08239,0.00443,0.75589,0.46675,0.51498,0.26255,2.04853,0.9604,0.00491,0.017823,0.005941,0.017823,0.005941,0.017823,0.005941,0.017823,0.005941
412,117119,2.23135,1.08454,0.00444,0.75539,0.46695,0.5149,0.26243,2.04846,0.96031,0.00491,0.0177933,0.0059311,0.0177933,0.0059311,0.0177933,0.0059311,0.0177933,0.0059311
413,117244,2.22506,1.07788,0.00443,0.75514,0.46691,0.51482,0.26264,2.04833,0.95987,0.00491,0.0177636,0.0059212,0.0177636,0.0059212,0.0177636,0.0059212,0.0177636,0.0059212
414,117424,2.23154,1.08044,0.00441,0.75488,0.4666,0.51461,0.26274,2.04843,0.95898,0.00491,0.0177339,0.0059113,0.0177339,0.0059113,0.0177339,0.0059113,0.0177339,0.0059113
415,117651,2.23888,1.08485,0.0044,0.75586,0.46627,0.51468,0.26245,2.04777,0.95935,0.00491,0.0177042,0.0059014,0.0177042,0.0059014,0.0177042,0.0059014,0.0177042,0.0059014
416,117884,2.23638,1.0889,0.00443,0.75422,0.46687,0.51466,0.26243,2.04799,0.95838,0.00491,0.0176745,0.0058915,0.0176745,0.0058915,0.0176745,0.0058915,0.0176745,0.0058915
417,118107,2.22398,1.08257,0.00441,0.75634,0.46571,0.51447,0.26245,2.04766,0.95809,0.00491,0.0176448,0.0058816,0.0176448,0.0058816,0.0176448,0.0058816,0.0176448,0.0058816
418,118319,2.23703,1.07966,0.0044,0.75437,0.46695,0.51497,0.26243,2.04777,0.95806,0.00491,0.0176151,0.0058717,0.0176151,0.0058717,0.0176151,0.0058717,0.0176151,0.0058717
419,118545,2.22954,1.07633,0.00445,0.75452,0.46677,0.51504,0.26249,2.04743,0.95833,0.00491,0.0175854,0.0058618,0.0175854,0.0058618,0.0175854,0.0058618,0.0175854,0.0058618
420,118771,2.2282,1.07783,0.00441,0.75545,0.46672,0.51519,0.26252,2.04689,0.95857,0.0049,0.0175557,0.0058519,0.0175557,0.0058519,0.0175557,0.0058519,0.0175557,0.0058519
421,119002,2.23937,1.08235,0.00443,0.75555,0.46735,0.51538,0.26268,2.04676,0.95854,0.0049,0.017526,0.005842,0.017526,0.005842,0.017526,0.005842,0.017526,0.005842
422,119215,2.22706,1.08135,0.00447,0.75534,0.46715,0.51524,0.26253,2.04658,0.95915,0.0049,0.0174963,0.0058321,0.0174963,0.0058321,0.0174963,0.0058321,0.0174963,0.0058321
423,119427,2.2283,1.07325,0.00444,0.75457,0.46723,0.5151,0.26256,2.04712,0.95796,0.0049,0.0174666,0.0058222,0.0174666,0.0058222,0.0174666,0.0058222,0.0174666,0.0058222
424,119605,2.21188,1.07028,0.00441,0.75521,0.4676,0.51517,0.26272,2.0465,0.95759,0.0049,0.0174369,0.0058123,0.0174369,0.0058123,0.0174369,0.0058123,0.0174369,0.0058123
425,119718,2.23318,1.08351,0.0044,0.7563,0.46715,0.51535,0.26287,2.04588,0.95768,0.0049,0.0174072,0.0058024,0.0174072,0.0058024,0.0174072,0.0058024,0.0174072,0.0058024
426,119830,2.22806,1.07673,0.00441,0.75563,0.46796,0.51661,0.26295,2.04561,0.9585,0.0049,0.0173775,0.0057925,0.0173775,0.0057925,0.0173775,0.0057925,0.0173775,0.0057925
427,119942,2.22559,1.06737,0.00436,0.75645,0.46753,0.51541,0.26283,2.04565,0.958,0.0049,0.0173478,0.0057826,0.0173478,0.0057826,0.0173478,0.0057826,0.0173478,0.0057826
428,120056,2.23424,1.08173,0.00445,0.75563,0.46822,0.51678,0.2631,2.04532,0.95792,0.0049,0.0173181,0.0057727,0.0173181,0.0057727,0.0173181,0.0057727,0.0173181,0.0057727
429,120170,2.2384,1.08891,0.00441,0.75734,0.46768,0.5168,0.26312,2.04499,0.95827,0.0049,0.0172884,0.0057628,0.0172884,0.0057628,0.0172884,0.0057628,0.0172884,0.0057628
430,120307,2.22181,1.07226,0.00445,0.7579,0.46789,0.51698,0.26322,2.04472,0.95833,0.0049,0.0172587,0.0057529,0.0172587,0.0057529,0.0172587,0.0057529,0.0172587,0.0057529
431,120522,2.22028,1.07838,0.00439,0.7572,0.46874,0.51736,0.26334,2.04439,0.95862,0.0049,0.017229,0.005743,0.017229,0.005743,0.017229,0.005743,0.017229,0.005743
432,120698,2.23613,1.08335,0.00439,0.75521,0.46914,0.51716,0.26334,2.04423,0.95777,0.0049,0.0171993,0.0057331,0.0171993,0.0057331,0.0171993,0.0057331,0.0171993,0.0057331
433,120904,2.23204,1.08332,0.00441,0.75407,0.47027,0.51754,0.26331,2.04474,0.95774,0.0049,0.0171696,0.0057232,0.0171696,0.0057232,0.0171696,0.0057232,0.0171696,0.0057232
434,121110,2.22883,1.08251,0.00446,0.75395,0.47011,0.51755,0.26326,2.04477,0.9574,0.0049,0.0171399,0.0057133,0.0171399,0.0057133,0.0171399,0.0057133,0.0171399,0.0057133
435,121315,2.21442,1.07268,0.00441,0.75493,0.46969,0.51771,0.26338,2.04437,0.95805,0.0049,0.0171102,0.0057034,0.0171102,0.0057034,0.0171102,0.0057034,0.0171102,0.0057034
436,121522,2.22856,1.07176,0.00438,0.75542,0.46992,0.51783,0.2635,2.04435,0.95749,0.0049,0.0170805,0.0056935,0.0170805,0.0056935,0.0170805,0.0056935,0.0170805,0.0056935
437,121727,2.21564,1.07086,0.00439,0.75549,0.46995,0.51769,0.26343,2.04424,0.95783,0.0049,0.0170508,0.0056836,0.0170508,0.0056836,0.0170508,0.0056836,0.0170508,0.0056836
438,121923,2.22334,1.07049,0.00442,0.75649,0.46959,0.51777,0.26343,2.04455,0.95788,0.0049,0.0170211,0.0056737,0.0170211,0.0056737,0.0170211,0.0056737,0.0170211,0.0056737
439,122123,2.24091,1.08076,0.00438,0.75772,0.46904,0.51749,0.26339,2.04451,0.95836,0.0049,0.0169914,0.0056638,0.0169914,0.0056638,0.0169914,0.0056638,0.0169914,0.0056638
440,122319,2.22623,1.07027,0.00437,0.7559,0.46986,0.51767,0.26346,2.04476,0.95815,0.0049,0.0169617,0.0056539,0.0169617,0.0056539,0.0169617,0.0056539,0.0169617,0.0056539
441,122516,2.21818,1.07734,0.00439,0.75842,0.46894,0.51784,0.26346,2.04488,0.95775,0.0049,0.016932,0.005644,0.016932,0.005644,0.016932,0.005644,0.016932,0.005644
442,151877,2.22123,1.06893,0.00438,0.7572,0.46952,0.51777,0.26347,2.04476,0.95774,0.0049,0.0169023,0.0056341,0.0169023,0.0056341,0.0169023,0.0056341,0.0169023,0.0056341
443,152093,2.23553,1.07757,0.00438,0.75757,0.46922,0.5177,0.26334,2.04472,0.95793,0.0049,0.0168726,0.0056242,0.0168726,0.0056242,0.0168726,0.0056242,0.0168726,0.0056242
444,152304,2.20965,1.06898,0.00437,0.75743,0.46938,0.51767,0.26353,2.04502,0.95759,0.0049,0.0168429,0.0056143,0.0168429,0.0056143,0.0168429,0.0056143,0.0168429,0.0056143
445,152518,2.21873,1.07673,0.00443,0.7593,0.46896,0.51768,0.26356,2.04486,0.95766,0.0049,0.0168132,0.0056044,0.0168132,0.0056044,0.0168132,0.0056044,0.0168132,0.0056044
446,152740,2.2209,1.07481,0.0044,0.75753,0.46963,0.51789,0.26375,2.04489,0.9574,0.00489,0.0167835,0.0055945,0.0167835,0.0055945,0.0167835,0.0055945,0.0167835,0.0055945
447,152955,2.22473,1.06709,0.00441,0.75794,0.46937,0.5178,0.26376,2.04467,0.95745,0.00489,0.0167538,0.0055846,0.0167538,0.0055846,0.0167538,0.0055846,0.0167538,0.0055846
448,153165,2.22305,1.06716,0.00437,0.75847,0.46943,0.51794,0.26382,2.04447,0.9568,0.00489,0.0167241,0.0055747,0.0167241,0.0055747,0.0167241,0.0055747,0.0167241,0.0055747
449,153375,2.22321,1.07527,0.00442,0.75872,0.46954,0.51813,0.2638,2.04469,0.95697,0.00489,0.0166944,0.0055648,0.0166944,0.0055648,0.0166944,0.0055648,0.0166944,0.0055648
450,161869,2.21617,1.06875,0.00441,0.75633,0.4703,0.51806,0.26357,2.04445,0.95708,0.00489,0.0166647,0.0055549,0.0166647,0.0055549,0.0166647,0.0055549,0.0166647,0.0055549
451,161983,2.22345,1.0686,0.00441,0.75913,0.46901,0.51802,0.26377,2.04421,0.95679,0.00489,0.016635,0.005545,0.016635,0.005545,0.016635,0.005545,0.016635,0.005545
452,162097,2.2153,1.07359,0.00441,0.75769,0.47,0.51827,0.26384,2.04388,0.9571,0.00489,0.0166053,0.0055351,0.0166053,0.0055351,0.0166053,0.0055351,0.0166053,0.0055351
453,162223,2.22427,1.07926,0.00439,0.75865,0.46969,0.51812,0.26368,2.04402,0.95674,0.00489,0.0165756,0.0055252,0.0165756,0.0055252,0.0165756,0.0055252,0.0165756,0.0055252
454,162351,2.22738,1.07432,0.00439,0.75705,0.47014,0.51821,0.26382,2.04362,0.95635,0.00489,0.0165459,0.0055153,0.0165459,0.0055153,0.0165459,0.0055153,0.0165459,0.0055153
455,162478,2.22162,1.06749,0.00436,0.75634,0.47078,0.51846,0.26386,2.04374,0.95671,0.00489,0.0165162,0.0055054,0.0165162,0.0055054,0.0165162,0.0055054,0.0165162,0.0055054
456,162605,2.21961,1.07525,0.00437,0.75713,0.4703,0.51846,0.26388,2.04351,0.95667,0.00489,0.0164865,0.0054955,0.0164865,0.0054955,0.0164865,0.0054955,0.0164865,0.0054955
457,162731,2.21392,1.06229,0.00436,0.75698,0.47078,0.51838,0.26393,2.04317,0.95673,0.00489,0.0164568,0.0054856,0.0164568,0.0054856,0.0164568,0.0054856,0.0164568,0.0054856
458,162858,2.23599,1.08264,0.00437,0.75895,0.47007,0.51842,0.26389,2.04347,0.95587,0.00489,0.0164271,0.0054757,0.0164271,0.0054757,0.0164271,0.0054757,0.0164271,0.0054757
459,162975,2.2086,1.07162,0.00437,0.75791,0.47063,0.5186,0.26431,2.0428,0.95628,0.00489,0.0163974,0.0054658,0.0163974,0.0054658,0.0163974,0.0054658,0.0163974,0.0054658
460,163095,2.22674,1.07236,0.00435,0.75839,0.47075,0.51892,0.26422,2.04275,0.95642,0.00489,0.0163677,0.0054559,0.0163677,0.0054559,0.0163677,0.0054559,0.0163677,0.0054559
461,163214,2.22014,1.07574,0.00438,0.75818,0.47078,0.51883,0.26411,2.04286,0.956,0.00489,0.016338,0.005446,0.016338,0.005446,0.016338,0.005446,0.016338,0.005446
462,163333,2.21959,1.06916,0.0044,0.75826,0.47106,0.51903,0.26419,2.04296,0.95524,0.00489,0.0163083,0.0054361,0.0163083,0.0054361,0.0163083,0.0054361,0.0163083,0.0054361
463,163450,2.20883,1.07029,0.0044,0.75813,0.47136,0.51913,0.26416,2.04327,0.95505,0.00489,0.0162786,0.0054262,0.0162786,0.0054262,0.0162786,0.0054262,0.0162786,0.0054262
464,163569,2.20849,1.07384,0.00438,0.75741,0.47156,0.51907,0.26403,2.0428,0.9563,0.00489,0.0162489,0.0054163,0.0162489,0.0054163,0.0162489,0.0054163,0.0162489,0.0054163
465,163687,2.21176,1.07478,0.00438,0.75922,0.47112,0.51909,0.26404,2.04327,0.95601,0.00489,0.0162192,0.0054064,0.0162192,0.0054064,0.0162192,0.0054064,0.0162192,0.0054064
466,163808,2.20827,1.07109,0.00441,0.75772,0.47108,0.51899,0.26409,2.04315,0.95515,0.00489,0.0161895,0.0053965,0.0161895,0.0053965,0.0161895,0.0053965,0.0161895,0.0053965
467,164007,2.20406,1.07171,0.00439,0.75645,0.47191,0.51943,0.2643,2.04232,0.95532,0.00488,0.0161598,0.0053866,0.0161598,0.0053866,0.0161598,0.0053866,0.0161598,0.0053866
468,164154,2.21029,1.06317,0.00438,0.75614,0.47189,0.51949,0.26411,2.04204,0.95608,0.00488,0.0161301,0.0053767,0.0161301,0.0053767,0.0161301,0.0053767,0.0161301,0.0053767
469,164278,2.21046,1.06768,0.00436,0.75607,0.47186,0.51953,0.26418,2.04222,0.9558,0.00488,0.0161004,0.0053668,0.0161004,0.0053668,0.0161004,0.0053668,0.0161004,0.0053668
470,164400,2.22543,1.0803,0.00437,0.75582,0.47216,0.5196,0.26429,2.04211,0.95552,0.00488,0.0160707,0.0053569,0.0160707,0.0053569,0.0160707,0.0053569,0.0160707,0.0053569
471,164523,2.22499,1.06881,0.0044,0.75605,0.47181,0.51948,0.26429,2.04209,0.95562,0.00488,0.016041,0.005347,0.016041,0.005347,0.016041,0.005347,0.016041,0.005347
472,164642,2.21957,1.06555,0.00431,0.75673,0.47098,0.51911,0.26428,2.04183,0.95558,0.00488,0.0160113,0.0053371,0.0160113,0.0053371,0.0160113,0.0053371,0.0160113,0.0053371
473,164765,2.20751,1.0685,0.00437,0.758,0.47126,0.51917,0.26424,2.04137,0.95559,0.00488,0.0159816,0.0053272,0.0159816,0.0053272,0.0159816,0.0053272,0.0159816,0.0053272
474,164887,2.21002,1.06257,0.0044,0.7588,0.47099,0.51931,0.26418,2.04082,0.95615,0.00487,0.0159519,0.0053173,0.0159519,0.0053173,0.0159519,0.0053173,0.0159519,0.0053173
475,165010,2.21333,1.07036,0.0044,0.75716,0.47153,0.51921,0.26449,2.04115,0.95583,0.00488,0.0159222,0.0053074,0.0159222,0.0053074,0.0159222,0.0053074,0.0159222,0.0053074
476,165130,2.21953,1.0761,0.0044,0.758,0.47141,0.51932,0.2643,2.0414,0.95608,0.00488,0.0158925,0.0052975,0.0158925,0.0052975,0.0158925,0.0052975,0.0158925,0.0052975
477,165253,2.21699,1.0702,0.00435,0.75945,0.47136,0.51971,0.26439,2.04086,0.95587,0.00487,0.0158628,0.0052876,0.0158628,0.0052876,0.0158628,0.0052876,0.0158628,0.0052876
478,165375,2.21755,1.07084,0.00439,0.75911,0.47143,0.51981,0.2644,2.0408,0.95628,0.00487,0.0158331,0.0052777,0.0158331,0.0052777,0.0158331,0.0052777,0.0158331,0.0052777
479,165496,2.20466,1.05953,0.00437,0.76089,0.47097,0.51977,0.26452,2.04011,0.956,0.00487,0.0158034,0.0052678,0.0158034,0.0052678,0.0158034,0.0052678,0.0158034,0.0052678
480,165617,2.20969,1.06754,0.00438,0.75881,0.47142,0.51961,0.26475,2.03983,0.95629,0.00487,0.0157737,0.0052579,0.0157737,0.0052579,0.0157737,0.0052579,0.0157737,0.0052579
481,165738,2.21965,1.07248,0.00439,0.75875,0.47176,0.51979,0.26472,2.03949,0.95584,0.00487,0.015744,0.005248,0.015744,0.005248,0.015744,0.005248,0.015744,0.005248
482,165859,2.20546,1.06607,0.00433,0.75905,0.47132,0.51991,0.26452,2.03926,0.95654,0.00487,0.0157143,0.0052381,0.0157143,0.0052381,0.0157143,0.0052381,0.0157143,0.0052381
483,165982,2.20188,1.06926,0.00434,0.75952,0.47121,0.52019,0.26451,2.03925,0.95579,0.00487,0.0156846,0.0052282,0.0156846,0.0052282,0.0156846,0.0052282,0.0156846,0.0052282
484,166103,2.21666,1.07594,0.0044,0.75799,0.47167,0.51996,0.26442,2.03922,0.95573,0.00487,0.0156549,0.0052183,0.0156549,0.0052183,0.0156549,0.0052183,0.0156549,0.0052183
485,166227,2.22448,1.06888,0.00434,0.75819,0.47166,0.5201,0.26434,2.03957,0.95537,0.00487,0.0156252,0.0052084,0.0156252,0.0052084,0.0156252,0.0052084,0.0156252,0.0052084
486,166352,2.22062,1.06391,0.00433,0.75803,0.47141,0.52001,0.2644,2.03897,0.95579,0.00487,0.0155955,0.0051985,0.0155955,0.0051985,0.0155955,0.0051985,0.0155955,0.0051985
487,166474,2.21186,1.06401,0.00438,0.75796,0.47131,0.51997,0.2644,2.03901,0.95607,0.00487,0.0155658,0.0051886,0.0155658,0.0051886,0.0155658,0.0051886,0.0155658,0.0051886
488,166594,2.20356,1.0687,0.00435,0.75799,0.47194,0.52,0.26438,2.03906,0.95579,0.00487,0.0155361,0.0051787,0.0155361,0.0051787,0.0155361,0.0051787,0.0155361,0.0051787
489,166710,2.20968,1.0657,0.00438,0.75903,0.47142,0.5202,0.26438,2.0392,0.9562,0.00487,0.0155064,0.0051688,0.0155064,0.0051688,0.0155064,0.0051688,0.0155064,0.0051688
490,166824,2.22991,1.07832,0.00437,0.76092,0.471,0.52013,0.26437,2.03941,0.95633,0.00487,0.0154767,0.0051589,0.0154767,0.0051589,0.0154767,0.0051589,0.0154767,0.0051589
491,166940,2.20942,1.07463,0.00436,0.76131,0.47113,0.52021,0.26451,2.04016,0.95561,0.00488,0.015447,0.005149,0.015447,0.005149,0.015447,0.005149,0.015447,0.005149
492,167054,2.21714,1.07076,0.00437,0.76261,0.4707,0.52012,0.26456,2.04069,0.95559,0.00488,0.0154173,0.0051391,0.0154173,0.0051391,0.0154173,0.0051391,0.0154173,0.0051391
493,167170,2.20169,1.06532,0.00434,0.76107,0.47112,0.52011,0.26467,2.04076,0.95562,0.00488,0.0153876,0.0051292,0.0153876,0.0051292,0.0153876,0.0051292,0.0153876,0.0051292
494,167284,2.21072,1.0674,0.00433,0.76186,0.47126,0.52045,0.2647,2.04064,0.95585,0.00488,0.0153579,0.0051193,0.0153579,0.0051193,0.0153579,0.0051193,0.0153579,0.0051193
495,167401,2.20849,1.06409,0.00435,0.76012,0.47162,0.52025,0.26471,2.04093,0.9567,0.00488,0.0153282,0.0051094,0.0153282,0.0051094,0.0153282,0.0051094,0.0153282,0.0051094
496,167526,2.19546,1.05201,0.00431,0.76119,0.47123,0.52018,0.26469,2.0412,0.95688,0.00488,0.0152985,0.0050995,0.0152985,0.0050995,0.0152985,0.0050995,0.0152985,0.0050995
497,167646,2.2179,1.06863,0.00436,0.7609,0.4718,0.52036,0.26466,2.04142,0.95725,0.00488,0.0152688,0.0050896,0.0152688,0.0050896,0.0152688,0.0050896,0.0152688,0.0050896
498,167766,2.217,1.07191,0.00433,0.76121,0.47199,0.52021,0.26469,2.04215,0.95733,0.00488,0.0152391,0.0050797,0.0152391,0.0050797,0.0152391,0.0050797,0.0152391,0.0050797
499,167894,2.21829,1.06887,0.00434,0.75954,0.47252,0.52024,0.26468,2.04207,0.95808,0.00488,0.0152094,0.0050698,0.0152094,0.0050698,0.0152094,0.0050698,0.0152094,0.0050698
500,168016,2.19897,1.072,0.00432,0.76115,0.4718,0.52017,0.26473,2.04262,0.95834,0.00488,0.0151797,0.0050599,0.0151797,0.0050599,0.0151797,0.0050599,0.0151797,0.0050599
501,168139,2.21362,1.06696,0.00432,0.76132,0.47186,0.52013,0.26483,2.04277,0.95779,0.00489,0.01515,0.00505,0.01515,0.00505,0.01515,0.00505,0.01515,0.00505
502,168261,2.20772,1.06696,0.00433,0.76129,0.47186,0.52051,0.26475,2.04302,0.95771,0.00489,0.0151203,0.0050401,0.0151203,0.0050401,0.0151203,0.0050401,0.0151203,0.0050401
503,168385,2.19337,1.06388,0.00434,0.76009,0.47225,0.52042,0.265,2.0436,0.95721,0.00489,0.0150906,0.0050302,0.0150906,0.0050302,0.0150906,0.0050302,0.0150906,0.0050302
504,168507,2.18997,1.05773,0.00433,0.76031,0.47154,0.52045,0.26508,2.04362,0.95735,0.00489,0.0150609,0.0050203,0.0150609,0.0050203,0.0150609,0.0050203,0.0150609,0.0050203
505,168626,2.19702,1.06597,0.00434,0.76209,0.47131,0.5206,0.26495,2.0432,0.95643,0.00489,0.0150312,0.0050104,0.0150312,0.0050104,0.0150312,0.0050104,0.0150312,0.0050104
506,168741,2.21235,1.06904,0.00431,0.76075,0.47212,0.52071,0.26487,2.04325,0.95615,0.00489,0.0150015,0.0050005,0.0150015,0.0050005,0.0150015,0.0050005,0.0150015,0.0050005
507,168858,2.19932,1.06361,0.00435,0.76065,0.47196,0.5207,0.26507,2.04259,0.95603,0.00489,0.0149718,0.0049906,0.0149718,0.0049906,0.0149718,0.0049906,0.0149718,0.0049906
508,168972,2.22094,1.07552,0.00436,0.76055,0.47204,0.52085,0.26501,2.04188,0.95631,0.00489,0.0149421,0.0049807,0.0149421,0.0049807,0.0149421,0.0049807,0.0149421,0.0049807
509,169089,2.2102,1.0591,0.00432,0.75992,0.47254,0.52085,0.26512,2.04179,0.95607,0.00489,0.0149124,0.0049708,0.0149124,0.0049708,0.0149124,0.0049708,0.0149124,0.0049708
510,169205,2.20675,1.06391,0.00429,0.75909,0.4723,0.5208,0.26484,2.04158,0.956,0.00489,0.0148827,0.0049609,0.0148827,0.0049609,0.0148827,0.0049609,0.0148827,0.0049609
511,169323,2.19676,1.05888,0.00429,0.75934,0.47237,0.52073,0.26468,2.04174,0.95522,0.00489,0.014853,0.004951,0.014853,0.004951,0.014853,0.004951,0.014853,0.004951
512,169446,2.19589,1.06352,0.00431,0.76086,0.47211,0.52077,0.26493,2.04111,0.95469,0.00489,0.0148233,0.0049411,0.0148233,0.0049411,0.0148233,0.0049411,0.0148233,0.0049411
513,169570,2.19648,1.06412,0.00431,0.75945,0.47227,0.52061,0.26491,2.04128,0.95461,0.00489,0.0147936,0.0049312,0.0147936,0.0049312,0.0147936,0.0049312,0.0147936,0.0049312
514,169692,2.20518,1.0668,0.00433,0.76086,0.47229,0.52104,0.26494,2.04088,0.95464,0.00489,0.0147639,0.0049213,0.0147639,0.0049213,0.0147639,0.0049213,0.0147639,0.0049213
515,169816,2.20896,1.06313,0.00427,0.76289,0.47128,0.5212,0.26515,2.04049,0.95451,0.00489,0.0147342,0.0049114,0.0147342,0.0049114,0.0147342,0.0049114,0.0147342,0.0049114
516,169940,2.20674,1.06291,0.00435,0.76041,0.47176,0.52104,0.26527,2.0399,0.95481,0.00488,0.0147045,0.0049015,0.0147045,0.0049015,0.0147045,0.0049015,0.0147045,0.0049015
517,170064,2.20703,1.06743,0.00432,0.75924,0.47212,0.52088,0.26523,2.04,0.95461,0.00488,0.0146748,0.0048916,0.0146748,0.0048916,0.0146748,0.0048916,0.0146748,0.0048916
518,170185,2.20533,1.07104,0.00434,0.76017,0.47157,0.521,0.26537,2.04041,0.95452,0.00488,0.0146451,0.0048817,0.0146451,0.0048817,0.0146451,0.0048817,0.0146451,0.0048817
519,170303,2.19874,1.0617,0.00431,0.76048,0.47168,0.52126,0.26536,2.03935,0.95466,0.00488,0.0146154,0.0048718,0.0146154,0.0048718,0.0146154,0.0048718,0.0146154,0.0048718
520,170419,2.22281,1.07734,0.00429,0.75963,0.47179,0.52131,0.26545,2.03961,0.95409,0.00488,0.0145857,0.0048619,0.0145857,0.0048619,0.0145857,0.0048619,0.0145857,0.0048619
521,170536,2.20553,1.06238,0.00429,0.76151,0.47135,0.52121,0.26529,2.03935,0.95421,0.00488,0.014556,0.004852,0.014556,0.004852,0.014556,0.004852,0.014556,0.004852
522,170650,2.19491,1.06656,0.00435,0.76122,0.47133,0.52124,0.26542,2.0391,0.95455,0.00488,0.0145263,0.0048421,0.0145263,0.0048421,0.0145263,0.0048421,0.0145263,0.0048421
523,170767,2.19595,1.06327,0.00432,0.76205,0.47058,0.52091,0.26535,2.03974,0.95455,0.00488,0.0144966,0.0048322,0.0144966,0.0048322,0.0144966,0.0048322,0.0144966,0.0048322
524,170881,2.19665,1.05933,0.00432,0.76232,0.4703,0.52099,0.26537,2.03975,0.95498,0.00488,0.0144669,0.0048223,0.0144669,0.0048223,0.0144669,0.0048223,0.0144669,0.0048223
525,170998,2.19115,1.06312,0.00429,0.76126,0.47118,0.52109,0.26536,2.03962,0.9552,0.00488,0.0144372,0.0048124,0.0144372,0.0048124,0.0144372,0.0048124,0.0144372,0.0048124
526,180520,2.20809,1.06642,0.00432,0.76148,0.47078,0.521,0.26545,2.03941,0.95498,0.00488,0.0144075,0.0048025,0.0144075,0.0048025,0.0144075,0.0048025,0.0144075,0.0048025
527,180632,2.22011,1.06611,0.00431,0.76138,0.4706,0.52075,0.26538,2.03916,0.95518,0.00487,0.0143778,0.0047926,0.0143778,0.0047926,0.0143778,0.0047926,0.0143778,0.0047926
528,180742,2.20114,1.06657,0.00431,0.76087,0.4705,0.52086,0.26538,2.03856,0.95533,0.00487,0.0143481,0.0047827,0.0143481,0.0047827,0.0143481,0.0047827,0.0143481,0.0047827
529,180861,2.18575,1.0522,0.00427,0.76175,0.47014,0.52075,0.26518,2.0386,0.95548,0.00487,0.0143184,0.0047728,0.0143184,0.0047728,0.0143184,0.0047728,0.0143184,0.0047728
530,180984,2.19158,1.05198,0.00429,0.76119,0.46997,0.52076,0.26517,2.03872,0.95603,0.00487,0.0142887,0.0047629,0.0142887,0.0047629,0.0142887,0.0047629,0.0142887,0.0047629
531,181106,2.19375,1.06068,0.00432,0.76083,0.4704,0.52099,0.26541,2.0383,0.95581,0.00487,0.014259,0.004753,0.014259,0.004753,0.014259,0.004753,0.014259,0.004753
532,181227,2.20074,1.06044,0.00433,0.75982,0.47075,0.521,0.26523,2.03806,0.95571,0.00487,0.0142293,0.0047431,0.0142293,0.0047431,0.0142293,0.0047431,0.0142293,0.0047431
533,181350,2.19558,1.05771,0.00427,0.7597,0.47058,0.52096,0.26518,2.03838,0.95591,0.00487,0.0141996,0.0047332,0.0141996,0.0047332,0.0141996,0.0047332,0.0141996,0.0047332
534,181470,2.19624,1.06103,0.00428,0.76171,0.47005,0.52096,0.26522,2.03773,0.95644,0.00487,0.0141699,0.0047233,0.0141699,0.0047233,0.0141699,0.0047233,0.0141699,0.0047233
535,181597,2.18433,1.04735,0.00424,0.76004,0.47083,0.52104,0.26516,2.03776,0.95616,0.00487,0.0141402,0.0047134,0.0141402,0.0047134,0.0141402,0.0047134,0.0141402,0.0047134
536,181711,2.18026,1.05305,0.0043,0.75958,0.47123,0.52121,0.26531,2.03748,0.9563,0.00487,0.0141105,0.0047035,0.0141105,0.0047035,0.0141105,0.0047035,0.0141105,0.0047035
537,181827,2.19471,1.05691,0.00428,0.76169,0.4704,0.52114,0.26527,2.03772,0.95627,0.00487,0.0140808,0.0046936,0.0140808,0.0046936,0.0140808,0.0046936,0.0140808,0.0046936
538,181940,2.19593,1.06216,0.00432,0.76136,0.47063,0.52122,0.26536,2.03785,0.95674,0.00487,0.0140511,0.0046837,0.0140511,0.0046837,0.0140511,0.0046837,0.0140511,0.0046837
539,182056,2.18597,1.04916,0.00428,0.7616,0.47093,0.52115,0.26529,2.03774,0.95647,0.00487,0.0140214,0.0046738,0.0140214,0.0046738,0.0140214,0.0046738,0.0140214,0.0046738
540,182171,2.19417,1.06607,0.00428,0.76209,0.47095,0.52109,0.26534,2.03752,0.95639,0.00487,0.0139917,0.0046639,0.0139917,0.0046639,0.0139917,0.0046639,0.0139917,0.0046639
541,182294,2.19846,1.06103,0.00433,0.7633,0.47053,0.521,0.2653,2.03722,0.95673,0.00487,0.013962,0.004654,0.013962,0.004654,0.013962,0.004654,0.013962,0.004654
542,182415,2.18362,1.05613,0.00431,0.76354,0.4704,0.52115,0.26532,2.03669,0.95674,0.00487,0.0139323,0.0046441,0.0139323,0.0046441,0.0139323,0.0046441,0.0139323,0.0046441
543,182538,2.18928,1.0528,0.00429,0.76378,0.47025,0.52126,0.26543,2.03661,0.95692,0.00487,0.0139026,0.0046342,0.0139026,0.0046342,0.0139026,0.0046342,0.0139026,0.0046342
544,182658,2.19562,1.06172,0.0043,0.76308,0.47077,0.52133,0.26547,2.03707,0.95696,0.00487,0.0138729,0.0046243,0.0138729,0.0046243,0.0138729,0.0046243,0.0138729,0.0046243
545,182781,2.20531,1.06515,0.0043,0.7652,0.47002,0.52121,0.2654,2.0373,0.95669,0.00487,0.0138432,0.0046144,0.0138432,0.0046144,0.0138432,0.0046144,0.0138432,0.0046144
546,182902,2.19186,1.05921,0.00433,0.76434,0.47055,0.52133,0.26542,2.03765,0.95706,0.00486,0.0138135,0.0046045,0.0138135,0.0046045,0.0138135,0.0046045,0.0138135,0.0046045
547,183025,2.18752,1.0551,0.0043,0.76518,0.47037,0.5214,0.26544,2.03794,0.95646,0.00487,0.0137838,0.0045946,0.0137838,0.0045946,0.0137838,0.0045946,0.0137838,0.0045946
548,183140,2.19336,1.06199,0.0043,0.7646,0.47025,0.5213,0.26547,2.03784,0.95638,0.00487,0.0137541,0.0045847,0.0137541,0.0045847,0.0137541,0.0045847,0.0137541,0.0045847
549,183257,2.21087,1.06421,0.00431,0.76462,0.47015,0.52117,0.26554,2.03721,0.95727,0.00487,0.0137244,0.0045748,0.0137244,0.0045748,0.0137244,0.0045748,0.0137244,0.0045748
550,183371,2.19426,1.05713,0.00429,0.76412,0.46998,0.52094,0.26546,2.03777,0.95749,0.00487,0.0136947,0.0045649,0.0136947,0.0045649,0.0136947,0.0045649,0.0136947,0.0045649
551,183488,2.19881,1.05757,0.0043,0.76446,0.47005,0.52094,0.2655,2.0378,0.95727,0.00487,0.013665,0.004555,0.013665,0.004555,0.013665,0.004555,0.013665,0.004555
552,183602,2.1844,1.05608,0.00427,0.76451,0.4701,0.52068,0.26537,2.03736,0.95847,0.00487,0.0136353,0.0045451,0.0136353,0.0045451,0.0136353,0.0045451,0.0136353,0.0045451
553,183718,2.182,1.05319,0.00429,0.7641,0.47015,0.52078,0.26536,2.03707,0.95864,0.00487,0.0136056,0.0045352,0.0136056,0.0045352,0.0136056,0.0045352,0.0136056,0.0045352
554,183833,2.18693,1.06053,0.0043,0.76515,0.46987,0.52096,0.26563,2.03715,0.9579,0.00487,0.0135759,0.0045253,0.0135759,0.0045253,0.0135759,0.0045253,0.0135759,0.0045253
555,183955,2.20786,1.05893,0.00426,0.76589,0.46952,0.52079,0.26538,2.03769,0.95767,0.00487,0.0135462,0.0045154,0.0135462,0.0045154,0.0135462,0.0045154,0.0135462,0.0045154
556,184076,2.18803,1.04776,0.00426,0.76462,0.4703,0.5212,0.26535,2.0369,0.95757,0.00487,0.0135165,0.0045055,0.0135165,0.0045055,0.0135165,0.0045055,0.0135165,0.0045055
557,184203,2.19421,1.0626,0.00428,0.76563,0.4704,0.52118,0.2654,2.03717,0.95747,0.00487,0.0134868,0.0044956,0.0134868,0.0044956,0.0134868,0.0044956,0.0134868,0.0044956
558,184325,2.18839,1.05034,0.0043,0.76579,0.47068,0.52142,0.26546,2.03717,0.95703,0.00487,0.0134571,0.0044857,0.0134571,0.0044857,0.0134571,0.0044857,0.0134571,0.0044857
559,184448,2.19816,1.05781,0.0043,0.76484,0.47032,0.52121,0.2654,2.03712,0.95743,0.00487,0.0134274,0.0044758,0.0134274,0.0044758,0.0134274,0.0044758,0.0134274,0.0044758
560,184570,2.17889,1.05204,0.00426,0.7661,0.46975,0.52133,0.26551,2.03751,0.95696,0.00487,0.0133977,0.0044659,0.0133977,0.0044659,0.0133977,0.0044659,0.0133977,0.0044659
561,184694,2.18988,1.05082,0.00431,0.76581,0.4699,0.52129,0.26543,2.03797,0.95667,0.00487,0.013368,0.004456,0.013368,0.004456,0.013368,0.004456,0.013368,0.004456
562,184812,2.1894,1.0469,0.0043,0.76576,0.47025,0.52147,0.26549,2.03802,0.95629,0.00487,0.0133383,0.0044461,0.0133383,0.0044461,0.0133383,0.0044461,0.0133383,0.0044461
563,184929,2.19822,1.05995,0.00425,0.76501,0.47025,0.52132,0.26545,2.03828,0.95667,0.00487,0.0133086,0.0044362,0.0133086,0.0044362,0.0133086,0.0044362,0.0133086,0.0044362
564,185042,2.17711,1.04446,0.00427,0.76531,0.47037,0.52142,0.26557,2.03813,0.95688,0.00487,0.0132789,0.0044263,0.0132789,0.0044263,0.0132789,0.0044263,0.0132789,0.0044263
565,185158,2.17504,1.04065,0.00428,0.76511,0.47035,0.52149,0.26554,2.03783,0.9568,0.00487,0.0132492,0.0044164,0.0132492,0.0044164,0.0132492,0.0044164,0.0132492,0.0044164
566,185274,2.20319,1.06258,0.00427,0.76418,0.46997,0.5213,0.26565,2.03797,0.95604,0.00487,0.0132195,0.0044065,0.0132195,0.0044065,0.0132195,0.0044065,0.0132195,0.0044065
567,185390,2.18587,1.05166,0.00425,0.76534,0.46997,0.52152,0.26558,2.03773,0.95611,0.00487,0.0131898,0.0043966,0.0131898,0.0043966,0.0131898,0.0043966,0.0131898,0.0043966
568,185505,2.19198,1.05803,0.0043,0.7649,0.46965,0.52145,0.26576,2.03777,0.95611,0.00487,0.0131601,0.0043867,0.0131601,0.0043867,0.0131601,0.0043867,0.0131601,0.0043867
569,185622,2.20008,1.05973,0.00426,0.76437,0.47038,0.52146,0.26594,2.03772,0.95531,0.00487,0.0131304,0.0043768,0.0131304,0.0043768,0.0131304,0.0043768,0.0131304,0.0043768
570,185745,2.17616,1.0537,0.00429,0.7647,0.46995,0.52137,0.26587,2.03777,0.95562,0.00487,0.0131007,0.0043669,0.0131007,0.0043669,0.0131007,0.0043669,0.0131007,0.0043669
571,185857,2.20038,1.06162,0.00425,0.76596,0.46952,0.52146,0.26567,2.03763,0.95556,0.00488,0.013071,0.004357,0.013071,0.004357,0.013071,0.004357,0.013071,0.004357
572,185974,2.20004,1.05867,0.00424,0.76596,0.46944,0.52135,0.26555,2.03795,0.9554,0.00488,0.0130413,0.0043471,0.0130413,0.0043471,0.0130413,0.0043471,0.0130413,0.0043471
573,186090,2.18816,1.05657,0.00425,0.76646,0.46969,0.52186,0.2656,2.0375,0.95603,0.00488,0.0130116,0.0043372,0.0130116,0.0043372,0.0130116,0.0043372,0.0130116,0.0043372
574,186203,2.17707,1.0486,0.0043,0.76577,0.47002,0.52159,0.26568,2.03757,0.95592,0.00488,0.0129819,0.0043273,0.0129819,0.0043273,0.0129819,0.0043273,0.0129819,0.0043273
575,186320,2.18978,1.05567,0.0043,0.76684,0.4701,0.52162,0.26544,2.03759,0.95561,0.00488,0.0129522,0.0043174,0.0129522,0.0043174,0.0129522,0.0043174,0.0129522,0.0043174
576,186435,2.18764,1.05469,0.00427,0.76689,0.46997,0.52161,0.26543,2.03728,0.95589,0.00488,0.0129225,0.0043075,0.0129225,0.0043075,0.0129225,0.0043075,0.0129225,0.0043075
577,186551,2.18988,1.0511,0.00425,0.76668,0.47002,0.52183,0.26563,2.03707,0.9559,0.00488,0.0128928,0.0042976,0.0128928,0.0042976,0.0128928,0.0042976,0.0128928,0.0042976
578,186666,2.18151,1.0528,0.00425,0.76576,0.47043,0.52177,0.26565,2.03678,0.95604,0.00487,0.0128631,0.0042877,0.0128631,0.0042877,0.0128631,0.0042877,0.0128631,0.0042877
579,186779,2.1895,1.05673,0.00429,0.76579,0.47068,0.52185,0.26583,2.03684,0.95519,0.00487,0.0128334,0.0042778,0.0128334,0.0042778,0.0128334,0.0042778,0.0128334,0.0042778
580,186894,2.17726,1.04921,0.00426,0.76628,0.47045,0.5219,0.26576,2.03663,0.9554,0.00487,0.0128037,0.0042679,0.0128037,0.0042679,0.0128037,0.0042679,0.0128037,0.0042679
581,187008,2.18446,1.04593,0.00423,0.76641,0.47078,0.52203,0.26568,2.03641,0.95578,0.00487,0.012774,0.004258,0.012774,0.004258,0.012774,0.004258,0.012774,0.004258
582,187125,2.17019,1.04995,0.00429,0.76593,0.4707,0.52195,0.26575,2.03759,0.95486,0.00487,0.0127443,0.0042481,0.0127443,0.0042481,0.0127443,0.0042481,0.0127443,0.0042481
583,187239,2.1643,1.04285,0.00423,0.76613,0.47058,0.522,0.26584,2.03697,0.9554,0.00487,0.0127146,0.0042382,0.0127146,0.0042382,0.0127146,0.0042382,0.0127146,0.0042382
584,187356,2.17095,1.04636,0.00425,0.76633,0.46985,0.5219,0.26568,2.03774,0.9551,0.00488,0.0126849,0.0042283,0.0126849,0.0042283,0.0126849,0.0042283,0.0126849,0.0042283
585,187470,2.16696,1.04085,0.00427,0.76613,0.46975,0.5217,0.26561,2.03785,0.9554,0.00488,0.0126552,0.0042184,0.0126552,0.0042184,0.0126552,0.0042184,0.0126552,0.0042184
586,187587,2.18943,1.04853,0.00429,0.76636,0.46967,0.52171,0.2658,2.03821,0.95526,0.00488,0.0126255,0.0042085,0.0126255,0.0042085,0.0126255,0.0042085,0.0126255,0.0042085
587,187700,2.1725,1.04647,0.00425,0.76685,0.46972,0.52178,0.26557,2.03843,0.95497,0.00488,0.0125958,0.0041986,0.0125958,0.0041986,0.0125958,0.0041986,0.0125958,0.0041986
588,187812,2.17265,1.04583,0.00426,0.76679,0.46964,0.52196,0.26574,2.03876,0.95523,0.00488,0.0125661,0.0041887,0.0125661,0.0041887,0.0125661,0.0041887,0.0125661,0.0041887
589,187921,2.18803,1.05088,0.0042,0.76568,0.4702,0.52183,0.26556,2.03961,0.95486,0.00488,0.0125364,0.0041788,0.0125364,0.0041788,0.0125364,0.0041788,0.0125364,0.0041788
590,188032,2.16652,1.03357,0.00424,0.7658,0.47051,0.52196,0.2657,2.04014,0.95441,0.00488,0.0125067,0.0041689,0.0125067,0.0041689,0.0125067,0.0041689,0.0125067,0.0041689
591,188141,2.17051,1.04129,0.00422,0.76592,0.47085,0.52219,0.26554,2.03995,0.95477,0.00488,0.012477,0.004159,0.012477,0.004159,0.012477,0.004159,0.012477,0.004159
592,188252,2.18156,1.04483,0.0042,0.7673,0.47025,0.52237,0.26564,2.04014,0.95483,0.00488,0.0124473,0.0041491,0.0124473,0.0041491,0.0124473,0.0041491,0.0124473,0.0041491
593,188362,2.1813,1.05516,0.00428,0.7673,0.47058,0.52244,0.26576,2.04007,0.95493,0.00488,0.0124176,0.0041392,0.0124176,0.0041392,0.0124176,0.0041392,0.0124176,0.0041392
594,188471,2.18418,1.04621,0.00421,0.76687,0.47053,0.52249,0.26576,2.0398,0.95498,0.00488,0.0123879,0.0041293,0.0123879,0.0041293,0.0123879,0.0041293,0.0123879,0.0041293
595,188592,2.17436,1.04453,0.00421,0.76533,0.47085,0.5225,0.26579,2.04005,0.95476,0.00488,0.0123582,0.0041194,0.0123582,0.0041194,0.0123582,0.0041194,0.0123582,0.0041194
596,188707,2.17532,1.05018,0.00424,0.76725,0.47078,0.52264,0.26581,2.03977,0.95556,0.00488,0.0123285,0.0041095,0.0123285,0.0041095,0.0123285,0.0041095,0.0123285,0.0041095
597,188822,2.18163,1.04474,0.00426,0.76417,0.47171,0.52265,0.26602,2.03987,0.9557,0.00488,0.0122988,0.0040996,0.0122988,0.0040996,0.0122988,0.0040996,0.0122988,0.0040996
598,188936,2.16218,1.03834,0.00422,0.76544,0.47154,0.52281,0.26604,2.04003,0.95525,0.00488,0.0122691,0.0040897,0.0122691,0.0040897,0.0122691,0.0040897,0.0122691,0.0040897
599,189052,2.18442,1.04687,0.00425,0.76423,0.47219,0.52286,0.26603,2.04024,0.95492,0.00488,0.0122394,0.0040798,0.0122394,0.0040798,0.0122394,0.0040798,0.0122394,0.0040798
600,189167,2.17747,1.04256,0.00422,0.76498,0.47204,0.52292,0.26614,2.04017,0.95482,0.00488,0.0122097,0.0040699,0.0122097,0.0040699,0.0122097,0.0040699,0.0122097,0.0040699
601,189284,2.16915,1.04861,0.00421,0.76596,0.47194,0.52309,0.26625,2.04025,0.95404,0.00488,0.01218,0.00406,0.01218,0.00406,0.01218,0.00406,0.01218,0.00406
602,189398,2.1658,1.04076,0.00424,0.76578,0.47194,0.52307,0.26626,2.04049,0.95328,0.00488,0.0121503,0.0040501,0.0121503,0.0040501,0.0121503,0.0040501,0.0121503,0.0040501
603,189514,2.15421,1.03464,0.00424,0.76623,0.47199,0.52314,0.26628,2.03985,0.95306,0.00488,0.0121206,0.0040402,0.0121206,0.0040402,0.0121206,0.0040402,0.0121206,0.0040402
604,189626,2.15431,1.04088,0.00423,0.76733,0.47174,0.52315,0.26633,2.04011,0.95273,0.00488,0.0120909,0.0040303,0.0120909,0.0040303,0.0120909,0.0040303,0.0120909,0.0040303
605,189739,2.16713,1.04979,0.00426,0.7667,0.47171,0.5231,0.26647,2.03927,0.95367,0.00488,0.0120612,0.0040204,0.0120612,0.0040204,0.0120612,0.0040204,0.0120612,0.0040204
606,189851,2.16977,1.04812,0.0042,0.76646,0.47158,0.52312,0.26642,2.03975,0.95323,0.00488,0.0120315,0.0040105,0.0120315,0.0040105,0.0120315,0.0040105,0.0120315,0.0040105
607,189967,2.17216,1.0449,0.00424,0.76764,0.47131,0.52308,0.26643,2.03914,0.95388,0.00488,0.0120018,0.0040006,0.0120018,0.0040006,0.0120018,0.0040006,0.0120018,0.0040006
608,190081,2.16044,1.03799,0.0042,0.76834,0.47189,0.52342,0.26647,2.03931,0.95412,0.00488,0.0119721,0.0039907,0.0119721,0.0039907,0.0119721,0.0039907,0.0119721,0.0039907
609,190196,2.18132,1.04343,0.00424,0.77108,0.47108,0.5233,0.26644,2.03942,0.95452,0.00488,0.0119424,0.0039808,0.0119424,0.0039808,0.0119424,0.0039808,0.0119424,0.0039808
610,190309,2.1659,1.03955,0.00422,0.77049,0.47128,0.52343,0.26651,2.03971,0.95459,0.00488,0.0119127,0.0039709,0.0119127,0.0039709,0.0119127,0.0039709,0.0119127,0.0039709
611,190425,2.17233,1.05169,0.00422,0.77291,0.47064,0.52316,0.26642,2.03961,0.95494,0.00488,0.011883,0.003961,0.011883,0.003961,0.011883,0.003961,0.011883,0.003961
612,190540,2.17957,1.0433,0.0042,0.77262,0.47096,0.52318,0.26647,2.03924,0.95558,0.00487,0.0118533,0.0039511,0.0118533,0.0039511,0.0118533,0.0039511,0.0118533,0.0039511
613,190656,2.14642,1.03299,0.00421,0.7718,0.47128,0.52306,0.26636,2.03904,0.95606,0.00487,0.0118236,0.0039412,0.0118236,0.0039412,0.0118236,0.0039412,0.0118236,0.0039412
614,190773,2.1786,1.04982,0.00424,0.7726,0.47116,0.52326,0.26648,2.03923,0.95556,0.00487,0.0117939,0.0039313,0.0117939,0.0039313,0.0117939,0.0039313,0.0117939,0.0039313
615,190888,2.17165,1.04064,0.00419,0.77197,0.47131,0.52319,0.2664,2.0394,0.95542,0.00488,0.0117642,0.0039214,0.0117642,0.0039214,0.0117642,0.0039214,0.0117642,0.0039214
616,191004,2.16737,1.04014,0.00426,0.77308,0.47095,0.52317,0.26641,2.03884,0.95617,0.00487,0.0117345,0.0039115,0.0117345,0.0039115,0.0117345,0.0039115,0.0117345,0.0039115
617,191120,2.17654,1.04213,0.00419,0.76992,0.47211,0.52328,0.2664,2.03899,0.95533,0.00487,0.0117048,0.0039016,0.0117048,0.0039016,0.0117048,0.0039016,0.0117048,0.0039016
618,191235,2.17498,1.04746,0.00423,0.7712,0.47163,0.5232,0.26618,2.03899,0.95593,0.00487,0.0116751,0.0038917,0.0116751,0.0038917,0.0116751,0.0038917,0.0116751,0.0038917
619,191344,2.16725,1.05166,0.00425,0.76975,0.47231,0.52323,0.2662,2.03894,0.95616,0.00487,0.0116454,0.0038818,0.0116454,0.0038818,0.0116454,0.0038818,0.0116454,0.0038818
620,191456,2.15989,1.0475,0.00424,0.76946,0.47279,0.52355,0.26593,2.03927,0.9561,0.00487,0.0116157,0.0038719,0.0116157,0.0038719,0.0116157,0.0038719,0.0116157,0.0038719
621,191568,2.16355,1.04197,0.00421,0.76985,0.47257,0.52356,0.26629,2.03968,0.95536,0.00488,0.011586,0.003862,0.011586,0.003862,0.011586,0.003862,0.011586,0.003862
622,191685,2.17251,1.04458,0.00418,0.76966,0.47272,0.52361,0.26631,2.03974,0.9556,0.00488,0.0115563,0.0038521,0.0115563,0.0038521,0.0115563,0.0038521,0.0115563,0.0038521
623,191800,2.1649,1.04445,0.0042,0.77247,0.47214,0.52372,0.2664,2.03916,0.95618,0.00487,0.0115266,0.0038422,0.0115266,0.0038422,0.0115266,0.0038422,0.0115266,0.0038422
624,191919,2.17454,1.04458,0.0042,0.77077,0.47216,0.52365,0.26612,2.039,0.95644,0.00487,0.0114969,0.0038323,0.0114969,0.0038323,0.0114969,0.0038323,0.0114969,0.0038323
625,192034,2.17305,1.0418,0.00418,0.76896,0.4728,0.52373,0.26604,2.03847,0.95628,0.00487,0.0114672,0.0038224,0.0114672,0.0038224,0.0114672,0.0038224,0.0114672,0.0038224
626,192149,2.15396,1.03395,0.0042,0.77012,0.47209,0.52347,0.26623,2.03875,0.95623,0.00487,0.0114375,0.0038125,0.0114375,0.0038125,0.0114375,0.0038125,0.0114375,0.0038125
627,192264,2.17534,1.04539,0.00417,0.76953,0.47204,0.52354,0.26612,2.03823,0.95655,0.00487,0.0114078,0.0038026,0.0114078,0.0038026,0.0114078,0.0038026,0.0114078,0.0038026
628,192380,2.1625,1.03546,0.00419,0.77131,0.47184,0.52365,0.26615,2.03806,0.95686,0.00487,0.0113781,0.0037927,0.0113781,0.0037927,0.0113781,0.0037927,0.0113781,0.0037927
629,192495,2.16173,1.03512,0.00415,0.77022,0.47229,0.52375,0.26639,2.0386,0.95633,0.00487,0.0113484,0.0037828,0.0113484,0.0037828,0.0113484,0.0037828,0.0113484,0.0037828
630,192612,2.16648,1.03493,0.00419,0.77048,0.47229,0.52381,0.26644,2.03819,0.95604,0.00487,0.0113187,0.0037729,0.0113187,0.0037729,0.0113187,0.0037729,0.0113187,0.0037729
631,192727,2.16163,1.04424,0.0042,0.77118,0.47158,0.52349,0.2664,2.03896,0.9557,0.00488,0.011289,0.003763,0.011289,0.003763,0.011289,0.003763,0.011289,0.003763
632,192843,2.15863,1.03791,0.00419,0.77173,0.47164,0.52374,0.26612,2.03848,0.95602,0.00488,0.0112593,0.0037531,0.0112593,0.0037531,0.0112593,0.0037531,0.0112593,0.0037531
633,192958,2.15728,1.03458,0.00415,0.77168,0.47163,0.52359,0.26606,2.03926,0.95591,0.00488,0.0112296,0.0037432,0.0112296,0.0037432,0.0112296,0.0037432,0.0112296,0.0037432
634,193071,2.15515,1.03395,0.00418,0.77197,0.47131,0.5233,0.26576,2.0398,0.95586,0.00488,0.0111999,0.0037333,0.0111999,0.0037333,0.0111999,0.0037333,0.0111999,0.0037333
635,193180,2.15591,1.04084,0.00419,0.77179,0.47126,0.52329,0.26615,2.03911,0.95629,0.00488,0.0111702,0.0037234,0.0111702,0.0037234,0.0111702,0.0037234,0.0111702,0.0037234
636,193290,2.1678,1.04134,0.00418,0.77153,0.47133,0.52327,0.26588,2.03993,0.95507,0.00488,0.0111405,0.0037135,0.0111405,0.0037135,0.0111405,0.0037135,0.0111405,0.0037135
637,193401,2.17118,1.03633,0.00414,0.77227,0.47093,0.52345,0.26602,2.03994,0.95509,0.00488,0.0111108,0.0037036,0.0111108,0.0037036,0.0111108,0.0037036,0.0111108,0.0037036
638,193511,2.15669,1.03526,0.00417,0.77095,0.47101,0.52317,0.26567,2.04025,0.95484,0.00488,0.0110811,0.0036937,0.0110811,0.0036937,0.0110811,0.0036937,0.0110811,0.0036937
639,193620,2.16931,1.04691,0.00418,0.76995,0.47138,0.52304,0.26564,2.03989,0.95497,0.00488,0.0110514,0.0036838,0.0110514,0.0036838,0.0110514,0.0036838,0.0110514,0.0036838
640,193729,2.16472,1.03676,0.00416,0.77071,0.47133,0.52311,0.26569,2.03993,0.95498,0.00488,0.0110217,0.0036739,0.0110217,0.0036739,0.0110217,0.0036739,0.0110217,0.0036739
641,193840,2.15547,1.03714,0.00416,0.77097,0.47142,0.523,0.26553,2.04021,0.95561,0.00488,0.010992,0.003664,0.010992,0.003664,0.010992,0.003664,0.010992,0.003664
642,193964,2.17187,1.04292,0.00416,0.77159,0.47094,0.52315,0.26564,2.04013,0.9551,0.00488,0.0109623,0.0036541,0.0109623,0.0036541,0.0109623,0.0036541,0.0109623,0.0036541
643,194085,2.14851,1.03527,0.00417,0.7718,0.47113,0.52317,0.2658,2.04001,0.95546,0.00488,0.0109326,0.0036442,0.0109326,0.0036442,0.0109326,0.0036442,0.0109326,0.0036442
644,194207,2.16548,1.04003,0.00418,0.77208,0.47114,0.52305,0.26577,2.04032,0.95475,0.00488,0.0109029,0.0036343,0.0109029,0.0036343,0.0109029,0.0036343,0.0109029,0.0036343
645,194331,2.15934,1.03867,0.00418,0.77233,0.47155,0.52315,0.26581,2.04074,0.95455,0.00488,0.0108732,0.0036244,0.0108732,0.0036244,0.0108732,0.0036244,0.0108732,0.0036244
646,194453,2.16676,1.04052,0.00422,0.77144,0.47219,0.52318,0.26568,2.0404,0.95501,0.00488,0.0108435,0.0036145,0.0108435,0.0036145,0.0108435,0.0036145,0.0108435,0.0036145
647,194577,2.15537,1.02893,0.00417,0.77172,0.47216,0.52351,0.26574,2.0408,0.95464,0.00488,0.0108138,0.0036046,0.0108138,0.0036046,0.0108138,0.0036046,0.0108138,0.0036046
648,194701,2.17347,1.04181,0.00417,0.77306,0.47172,0.52352,0.26579,2.04064,0.95476,0.00488,0.0107841,0.0035947,0.0107841,0.0035947,0.0107841,0.0035947,0.0107841,0.0035947
649,194825,2.14522,1.03402,0.00422,0.77387,0.47168,0.52363,0.2658,2.04059,0.95509,0.00488,0.0107544,0.0035848,0.0107544,0.0035848,0.0107544,0.0035848,0.0107544,0.0035848
650,194949,2.16396,1.02974,0.00416,0.77209,0.47274,0.52378,0.26573,2.04078,0.95519,0.00488,0.0107247,0.0035749,0.0107247,0.0035749,0.0107247,0.0035749,0.0107247,0.0035749
651,195067,2.14282,1.02915,0.00416,0.77118,0.47284,0.52372,0.2658,2.04054,0.9551,0.00488,0.010695,0.003565,0.010695,0.003565,0.010695,0.003565,0.010695,0.003565
652,195181,2.1533,1.03815,0.00418,0.77233,0.47236,0.52354,0.26576,2.04056,0.9555,0.00488,0.0106653,0.0035551,0.0106653,0.0035551,0.0106653,0.0035551,0.0106653,0.0035551
653,195300,2.16784,1.03692,0.00413,0.77221,0.47247,0.52371,0.26583,2.04107,0.95527,0.00488,0.0106356,0.0035452,0.0106356,0.0035452,0.0106356,0.0035452,0.0106356,0.0035452
654,195417,2.15273,1.03613,0.00416,0.77299,0.47222,0.5238,0.26609,2.04087,0.95528,0.00488,0.0106059,0.0035353,0.0106059,0.0035353,0.0106059,0.0035353,0.0106059,0.0035353
655,195535,2.15182,1.03243,0.00417,0.77353,0.47204,0.5238,0.26595,2.04083,0.95501,0.00488,0.0105762,0.0035254,0.0105762,0.0035254,0.0105762,0.0035254,0.0105762,0.0035254
656,195654,2.14699,1.02397,0.00417,0.77102,0.47287,0.5239,0.26608,2.04021,0.95584,0.00488,0.0105465,0.0035155,0.0105465,0.0035155,0.0105465,0.0035155,0.0105465,0.0035155
657,195777,2.14136,1.03109,0.00417,0.77314,0.47201,0.52366,0.26601,2.04019,0.95629,0.00488,0.0105168,0.0035056,0.0105168,0.0035056,0.0105168,0.0035056,0.0105168,0.0035056
658,195900,2.15655,1.03245,0.00412,0.77305,0.47204,0.52342,0.26594,2.04005,0.95621,0.00488,0.0104871,0.0034957,0.0104871,0.0034957,0.0104871,0.0034957,0.0104871,0.0034957
659,196027,2.15179,1.02905,0.00414,0.77324,0.47179,0.52334,0.26614,2.03984,0.9571,0.00488,0.0104574,0.0034858,0.0104574,0.0034858,0.0104574,0.0034858,0.0104574,0.0034858
660,196150,2.16085,1.04302,0.00414,0.77286,0.47194,0.52365,0.26619,2.04009,0.9569,0.00488,0.0104277,0.0034759,0.0104277,0.0034759,0.0104277,0.0034759,0.0104277,0.0034759
661,196275,2.15761,1.02694,0.00416,0.77231,0.47219,0.52365,0.26597,2.03993,0.95685,0.00488,0.010398,0.003466,0.010398,0.003466,0.010398,0.003466,0.010398,0.003466
662,196398,2.15761,1.03931,0.00417,0.77101,0.47272,0.52373,0.26612,2.04024,0.95705,0.00488,0.0103683,0.0034561,0.0103683,0.0034561,0.0103683,0.0034561,0.0103683,0.0034561
663,196520,2.15324,1.02597,0.00412,0.77093,0.47283,0.52369,0.26603,2.04063,0.95651,0.00488,0.0103386,0.0034462,0.0103386,0.0034462,0.0103386,0.0034462,0.0103386,0.0034462
664,196637,2.15773,1.03363,0.00417,0.77105,0.47267,0.52374,0.26626,2.03982,0.95668,0.00488,0.0103089,0.0034363,0.0103089,0.0034363,0.0103089,0.0034363,0.0103089,0.0034363
665,196754,2.15072,1.0263,0.00416,0.7716,0.47262,0.52412,0.26623,2.03983,0.9559,0.00488,0.0102792,0.0034264,0.0102792,0.0034264,0.0102792,0.0034264,0.0102792,0.0034264
666,196869,2.15194,1.0312,0.00418,0.77246,0.47242,0.52417,0.26622,2.04001,0.95619,0.00488,0.0102495,0.0034165,0.0102495,0.0034165,0.0102495,0.0034165,0.0102495,0.0034165
667,196985,2.13979,1.02261,0.00415,0.77187,0.47254,0.52421,0.26626,2.03964,0.95582,0.00488,0.0102198,0.0034066,0.0102198,0.0034066,0.0102198,0.0034066,0.0102198,0.0034066
668,197100,2.15284,1.03311,0.00411,0.77224,0.47259,0.52433,0.26628,2.03983,0.95603,0.00488,0.0101901,0.0033967,0.0101901,0.0033967,0.0101901,0.0033967,0.0101901,0.0033967
669,197217,2.16899,1.03453,0.00411,0.77234,0.47254,0.52431,0.26604,2.04005,0.95626,0.00488,0.0101604,0.0033868,0.0101604,0.0033868,0.0101604,0.0033868,0.0101604,0.0033868
670,197331,2.13162,1.02484,0.00414,0.77256,0.47219,0.52431,0.26611,2.03978,0.95655,0.00488,0.0101307,0.0033769,0.0101307,0.0033769,0.0101307,0.0033769,0.0101307,0.0033769
671,201253,2.15492,1.03245,0.00415,0.7722,0.47224,0.52444,0.2664,2.03983,0.95672,0.00488,0.010101,0.003367,0.010101,0.003367,0.010101,0.003367,0.010101,0.003367
672,201368,2.14756,1.03213,0.00415,0.77352,0.47166,0.52422,0.2661,2.03961,0.95726,0.00488,0.0100713,0.0033571,0.0100713,0.0033571,0.0100713,0.0033571,0.0100713,0.0033571
673,201483,2.14186,1.02861,0.00412,0.77385,0.47211,0.52446,0.26643,2.03991,0.95749,0.00488,0.0100416,0.0033472,0.0100416,0.0033472,0.0100416,0.0033472,0.0100416,0.0033472
674,201606,2.15308,1.02604,0.00411,0.77189,0.47244,0.52445,0.26641,2.04034,0.95681,0.00488,0.0100119,0.0033373,0.0100119,0.0033373,0.0100119,0.0033373,0.0100119,0.0033373
675,201730,2.14308,1.02211,0.00411,0.77408,0.47231,0.52469,0.2665,2.04061,0.9563,0.00488,0.0099822,0.0033274,0.0099822,0.0033274,0.0099822,0.0033274,0.0099822,0.0033274
676,201851,2.1451,1.03006,0.00413,0.7727,0.47282,0.52468,0.2665,2.04064,0.95588,0.00488,0.0099525,0.0033175,0.0099525,0.0033175,0.0099525,0.0033175,0.0099525,0.0033175
677,201976,2.15458,1.03402,0.00411,0.77418,0.47267,0.5249,0.26654,2.04089,0.95535,0.00488,0.0099228,0.0033076,0.0099228,0.0033076,0.0099228,0.0033076,0.0099228,0.0033076
678,202097,2.14608,1.02786,0.0041,0.77479,0.47277,0.52495,0.26653,2.04086,0.95521,0.00488,0.0098931,0.0032977,0.0098931,0.0032977,0.0098931,0.0032977,0.0098931,0.0032977
679,202222,2.15548,1.0308,0.00411,0.77417,0.47221,0.52467,0.2665,2.04058,0.95562,0.00488,0.0098634,0.0032878,0.0098634,0.0032878,0.0098634,0.0032878,0.0098634,0.0032878
680,202338,2.14389,1.02145,0.00411,0.77365,0.47209,0.52457,0.26642,2.041,0.95546,0.00488,0.0098337,0.0032779,0.0098337,0.0032779,0.0098337,0.0032779,0.0098337,0.0032779
681,202455,2.14759,1.02428,0.0041,0.77346,0.47226,0.52451,0.26642,2.04064,0.95617,0.00488,0.009804,0.003268,0.009804,0.003268,0.009804,0.003268,0.009804,0.003268
682,202570,2.14193,1.02272,0.00406,0.77421,0.47184,0.52446,0.26636,2.04103,0.95642,0.00488,0.0097743,0.0032581,0.0097743,0.0032581,0.0097743,0.0032581,0.0097743,0.0032581
683,202686,2.15917,1.03594,0.00411,0.77342,0.47179,0.52443,0.26627,2.04074,0.95707,0.00488,0.0097446,0.0032482,0.0097446,0.0032482,0.0097446,0.0032482,0.0097446,0.0032482
684,202801,2.13206,1.02002,0.00414,0.77456,0.47133,0.52448,0.26618,2.04071,0.95694,0.00488,0.0097149,0.0032383,0.0097149,0.0032383,0.0097149,0.0032383,0.0097149,0.0032383
685,202918,2.14475,1.03027,0.00414,0.77365,0.47185,0.52466,0.26623,2.04095,0.9563,0.00488,0.0096852,0.0032284,0.0096852,0.0032284,0.0096852,0.0032284,0.0096852,0.0032284
686,203033,2.15018,1.03214,0.0041,0.77333,0.47171,0.52466,0.26622,2.04133,0.95641,0.00488,0.0096555,0.0032185,0.0096555,0.0032185,0.0096555,0.0032185,0.0096555,0.0032185
687,203162,2.13669,1.03036,0.00411,0.77354,0.47176,0.52489,0.2663,2.04114,0.95651,0.00488,0.0096258,0.0032086,0.0096258,0.0032086,0.0096258,0.0032086,0.0096258,0.0032086
688,203281,2.14277,1.02521,0.00412,0.77271,0.47231,0.52476,0.26653,2.04188,0.9556,0.00488,0.0095961,0.0031987,0.0095961,0.0031987,0.0095961,0.0031987,0.0095961,0.0031987
689,203405,2.14018,1.02263,0.00409,0.77253,0.47209,0.5246,0.26611,2.0416,0.95569,0.00488,0.0095664,0.0031888,0.0095664,0.0031888,0.0095664,0.0031888,0.0095664,0.0031888
690,203526,2.12882,1.01811,0.00409,0.7713,0.47254,0.5246,0.26618,2.04147,0.95601,0.00488,0.0095367,0.0031789,0.0095367,0.0031789,0.0095367,0.0031789,0.0095367,0.0031789
691,203652,2.13537,1.02086,0.0041,0.77295,0.47211,0.52469,0.26621,2.04126,0.95545,0.00488,0.009507,0.003169,0.009507,0.003169,0.009507,0.003169,0.009507,0.003169
692,203775,2.14311,1.02918,0.00414,0.77167,0.47252,0.52459,0.26621,2.04156,0.95569,0.00488,0.0094773,0.0031591,0.0094773,0.0031591,0.0094773,0.0031591,0.0094773,0.0031591
693,203900,2.14901,1.03001,0.00409,0.77224,0.47269,0.52484,0.26626,2.04122,0.95587,0.00489,0.0094476,0.0031492,0.0094476,0.0031492,0.0094476,0.0031492,0.0094476,0.0031492
694,204026,2.1322,1.01903,0.00407,0.77156,0.47292,0.52491,0.26619,2.04108,0.95631,0.00488,0.0094179,0.0031393,0.0094179,0.0031393,0.0094179,0.0031393,0.0094179,0.0031393
695,204153,2.13995,1.02023,0.00406,0.7712,0.47254,0.52472,0.26603,2.0417,0.95669,0.00488,0.0093882,0.0031294,0.0093882,0.0031294,0.0093882,0.0031294,0.0093882,0.0031294
696,204276,2.12694,1.01609,0.0041,0.77194,0.47272,0.52474,0.26612,2.04135,0.95648,0.00488,0.0093585,0.0031195,0.0093585,0.0031195,0.0093585,0.0031195,0.0093585,0.0031195
697,204399,2.13832,1.02751,0.0041,0.77286,0.47211,0.52482,0.26608,2.04111,0.95714,0.00488,0.0093288,0.0031096,0.0093288,0.0031096,0.0093288,0.0031096,0.0093288,0.0031096
698,204518,2.12536,1.01198,0.0041,0.77394,0.47194,0.5248,0.26609,2.04123,0.95736,0.00488,0.0092991,0.0030997,0.0092991,0.0030997,0.0092991,0.0030997,0.0092991,0.0030997
699,204635,2.12981,1.02219,0.0041,0.77082,0.47272,0.52458,0.26617,2.04161,0.95682,0.00489,0.0092694,0.0030898,0.0092694,0.0030898,0.0092694,0.0030898,0.0092694,0.0030898
700,204785,2.13878,1.02481,0.00409,0.77177,0.47244,0.52452,0.26642,2.04144,0.95644,0.00489,0.0092397,0.0030799,0.0092397,0.0030799,0.0092397,0.0030799,0.0092397,0.0030799
701,205015,2.14205,1.0264,0.00409,0.77133,0.47272,0.52459,0.26646,2.04158,0.95604,0.00489,0.00921,0.00307,0.00921,0.00307,0.00921,0.00307,0.00921,0.00307
702,205242,2.14487,1.02488,0.00408,0.77264,0.47289,0.52477,0.26658,2.04134,0.95634,0.00488,0.0091803,0.0030601,0.0091803,0.0030601,0.0091803,0.0030601,0.0091803,0.0030601
703,205434,2.13916,1.03491,0.00412,0.77308,0.4729,0.52474,0.26644,2.04163,0.95611,0.00489,0.0091506,0.0030502,0.0091506,0.0030502,0.0091506,0.0030502,0.0091506,0.0030502
704,205556,2.1245,1.01989,0.00413,0.77376,0.47249,0.52462,0.26635,2.04213,0.95592,0.00489,0.0091209,0.0030403,0.0091209,0.0030403,0.0091209,0.0030403,0.0091209,0.0030403
705,205681,2.12063,1.01823,0.00415,0.77571,0.47205,0.5247,0.2664,2.04244,0.955,0.00489,0.0090912,0.0030304,0.0090912,0.0030304,0.0090912,0.0030304,0.0090912,0.0030304
706,205803,2.12676,1.02114,0.00408,0.77283,0.47289,0.52455,0.2659,2.04276,0.9553,0.00489,0.0090615,0.0030205,0.0090615,0.0030205,0.0090615,0.0030205,0.0090615,0.0030205
707,205930,2.1408,1.02004,0.00409,0.77142,0.4734,0.52476,0.26598,2.04224,0.95494,0.00489,0.0090318,0.0030106,0.0090318,0.0030106,0.0090318,0.0030106,0.0090318,0.0030106
708,206057,2.12709,1.01528,0.00409,0.77311,0.47322,0.52497,0.26603,2.04209,0.95532,0.00489,0.0090021,0.0030007,0.0090021,0.0030007,0.0090021,0.0030007,0.0090021,0.0030007
709,206184,2.12225,1.01091,0.00406,0.77273,0.4736,0.52488,0.26603,2.04118,0.9555,0.00489,0.0089724,0.0029908,0.0089724,0.0029908,0.0089724,0.0029908,0.0089724,0.0029908
710,206310,2.11973,1.01762,0.00406,0.77278,0.47357,0.52466,0.26591,2.04153,0.95582,0.00489,0.0089427,0.0029809,0.0089427,0.0029809,0.0089427,0.0029809,0.0089427,0.0029809
711,206436,2.12224,1.02156,0.00406,0.77335,0.47302,0.52466,0.26602,2.04066,0.95582,0.00488,0.008913,0.002971,0.008913,0.002971,0.008913,0.002971,0.008913,0.002971
712,206561,2.11831,1.01295,0.0041,0.7731,0.47312,0.52474,0.266,2.04083,0.95556,0.00489,0.0088833,0.0029611,0.0088833,0.0029611,0.0088833,0.0029611,0.0088833,0.0029611
713,206683,2.13184,1.0261,0.00408,0.77216,0.47333,0.52484,0.26595,2.04064,0.95559,0.00489,0.0088536,0.0029512,0.0088536,0.0029512,0.0088536,0.0029512,0.0088536,0.0029512
714,206805,2.13299,1.02332,0.00409,0.77062,0.474,0.52487,0.26604,2.04052,0.9557,0.00489,0.0088239,0.0029413,0.0088239,0.0029413,0.0088239,0.0029413,0.0088239,0.0029413
715,206931,2.12913,1.02251,0.00407,0.77128,0.47405,0.52495,0.26635,2.04068,0.95568,0.00488,0.0087942,0.0029314,0.0087942,0.0029314,0.0087942,0.0029314,0.0087942,0.0029314
716,207057,2.12494,1.01678,0.0041,0.77123,0.4741,0.52499,0.26631,2.04092,0.95557,0.00489,0.0087645,0.0029215,0.0087645,0.0029215,0.0087645,0.0029215,0.0087645,0.0029215
717,207201,2.13084,1.01869,0.00403,0.77234,0.47363,0.52481,0.26619,2.04065,0.95593,0.00488,0.0087348,0.0029116,0.0087348,0.0029116,0.0087348,0.0029116,0.0087348,0.0029116
718,207322,2.12423,1.01223,0.00409,0.77358,0.4733,0.52491,0.26621,2.04065,0.95619,0.00489,0.0087051,0.0029017,0.0087051,0.0029017,0.0087051,0.0029017,0.0087051,0.0029017
719,207444,2.1249,1.01623,0.00407,0.77524,0.47284,0.5248,0.26594,2.04038,0.95633,0.00489,0.0086754,0.0028918,0.0086754,0.0028918,0.0086754,0.0028918,0.0086754,0.0028918
720,207566,2.11777,1.0166,0.00406,0.77336,0.47315,0.52462,0.2658,2.04094,0.9563,0.00489,0.0086457,0.0028819,0.0086457,0.0028819,0.0086457,0.0028819,0.0086457,0.0028819
721,207689,2.11659,1.01392,0.00411,0.77497,0.47247,0.52471,0.26612,2.04116,0.95683,0.00489,0.008616,0.002872,0.008616,0.002872,0.008616,0.002872,0.008616,0.002872
722,207811,2.12463,1.00775,0.00407,0.77549,0.47209,0.52474,0.26558,2.04194,0.95708,0.00489,0.0085863,0.0028621,0.0085863,0.0028621,0.0085863,0.0028621,0.0085863,0.0028621
723,207934,2.12516,1.02088,0.00404,0.77437,0.47224,0.52462,0.26556,2.04161,0.95728,0.00489,0.0085566,0.0028522,0.0085566,0.0028522,0.0085566,0.0028522,0.0085566,0.0028522
724,208055,2.11769,1.01649,0.00406,0.77536,0.47187,0.52463,0.26553,2.0415,0.95757,0.00489,0.0085269,0.0028423,0.0085269,0.0028423,0.0085269,0.0028423,0.0085269,0.0028423
725,208175,2.12578,1.01933,0.00408,0.77607,0.47201,0.52479,0.26549,2.04183,0.95823,0.00489,0.0084972,0.0028324,0.0084972,0.0028324,0.0084972,0.0028324,0.0084972,0.0028324
726,208294,2.13014,1.01455,0.00405,0.77369,0.47289,0.52492,0.26564,2.04154,0.95786,0.00489,0.0084675,0.0028225,0.0084675,0.0028225,0.0084675,0.0028225,0.0084675,0.0028225
727,208409,2.12685,1.01521,0.00406,0.773,0.4734,0.52486,0.26559,2.04169,0.95821,0.00489,0.0084378,0.0028126,0.0084378,0.0028126,0.0084378,0.0028126,0.0084378,0.0028126
728,208524,2.13098,1.01043,0.00401,0.7732,0.47325,0.52499,0.26575,2.04181,0.95789,0.00489,0.0084081,0.0028027,0.0084081,0.0028027,0.0084081,0.0028027,0.0084081,0.0028027
729,208638,2.10942,1.00387,0.00403,0.77324,0.47342,0.5251,0.2657,2.04209,0.95768,0.00489,0.0083784,0.0027928,0.0083784,0.0027928,0.0083784,0.0027928,0.0083784,0.0027928
730,208755,2.11595,1.01304,0.00406,0.77372,0.47264,0.52489,0.26576,2.04265,0.95689,0.00489,0.0083487,0.0027829,0.0083487,0.0027829,0.0083487,0.0027829,0.0083487,0.0027829
731,208872,2.11052,0.99848,0.00406,0.77463,0.47252,0.52512,0.26585,2.04227,0.95701,0.00489,0.008319,0.002773,0.008319,0.002773,0.008319,0.002773,0.008319,0.002773
732,208986,2.1175,1.00956,0.0041,0.77517,0.47239,0.52511,0.26587,2.04205,0.95702,0.00489,0.0082893,0.0027631,0.0082893,0.0027631,0.0082893,0.0027631,0.0082893,0.0027631
733,257459,2.12444,1.00491,0.00403,0.77543,0.47231,0.52519,0.26588,2.04204,0.95763,0.00489,0.0082596,0.0027532,0.0082596,0.0027532,0.0082596,0.0027532,0.0082596,0.0027532
734,257575,2.13085,1.00732,0.00405,0.77633,0.47194,0.52542,0.26593,2.04234,0.95727,0.00489,0.0082299,0.0027433,0.0082299,0.0027433,0.0082299,0.0027433,0.0082299,0.0027433
735,257694,2.12494,1.01303,0.00405,0.77632,0.47206,0.52552,0.26601,2.04188,0.95696,0.00489,0.0082002,0.0027334,0.0082002,0.0027334,0.0082002,0.0027334,0.0082002,0.0027334
736,257813,2.12668,1.01278,0.00402,0.77626,0.47184,0.52552,0.26608,2.0416,0.95719,0.00489,0.0081705,0.0027235,0.0081705,0.0027235,0.0081705,0.0027235,0.0081705,0.0027235
737,257933,2.11046,1.01019,0.00405,0.77609,0.47196,0.52551,0.26605,2.0418,0.9574,0.00489,0.0081408,0.0027136,0.0081408,0.0027136,0.0081408,0.0027136,0.0081408,0.0027136
738,258050,2.11852,1.01044,0.00402,0.77549,0.47191,0.52537,0.26631,2.04191,0.9567,0.00489,0.0081111,0.0027037,0.0081111,0.0027037,0.0081111,0.0027037,0.0081111,0.0027037
739,258171,2.13068,1.01384,0.00403,0.77549,0.47174,0.52514,0.26579,2.04178,0.95715,0.00489,0.0080814,0.0026938,0.0080814,0.0026938,0.0080814,0.0026938,0.0080814,0.0026938
740,258292,2.12507,1.01044,0.00403,0.77479,0.47249,0.52538,0.26593,2.04147,0.95732,0.00489,0.0080517,0.0026839,0.0080517,0.0026839,0.0080517,0.0026839,0.0080517,0.0026839
741,258414,2.11425,1.00728,0.00403,0.77425,0.47287,0.52535,0.26578,2.0419,0.95805,0.00489,0.008022,0.002674,0.008022,0.002674,0.008022,0.002674,0.008022,0.002674
742,258528,2.11667,1.00671,0.00402,0.77433,0.47299,0.52539,0.26586,2.04156,0.95795,0.00489,0.0079923,0.0026641,0.0079923,0.0026641,0.0079923,0.0026641,0.0079923,0.0026641
743,258642,2.11061,1.01456,0.00405,0.77552,0.47283,0.52555,0.26624,2.04187,0.95768,0.00489,0.0079626,0.0026542,0.0079626,0.0026542,0.0079626,0.0026542,0.0079626,0.0026542
744,258752,2.10339,1.01159,0.00403,0.77478,0.47299,0.52548,0.26574,2.04208,0.95755,0.00489,0.0079329,0.0026443,0.0079329,0.0026443,0.0079329,0.0026443,0.0079329,0.0026443
745,258866,2.11742,1.00477,0.00398,0.77549,0.47279,0.5256,0.26596,2.04211,0.958,0.00489,0.0079032,0.0026344,0.0079032,0.0026344,0.0079032,0.0026344,0.0079032,0.0026344
746,258976,2.12063,1.00677,0.00402,0.77513,0.47255,0.52558,0.26598,2.0426,0.95763,0.00489,0.0078735,0.0026245,0.0078735,0.0026245,0.0078735,0.0026245,0.0078735,0.0026245
747,259088,2.11131,1.00921,0.004,0.77385,0.47299,0.52547,0.26583,2.04303,0.95768,0.00489,0.0078438,0.0026146,0.0078438,0.0026146,0.0078438,0.0026146,0.0078438,0.0026146
748,259198,2.10537,1.0087,0.00404,0.77366,0.47299,0.52544,0.26593,2.04285,0.95738,0.00489,0.0078141,0.0026047,0.0078141,0.0026047,0.0078141,0.0026047,0.0078141,0.0026047
749,263309,2.11761,1.00563,0.004,0.77218,0.47355,0.52538,0.26595,2.04293,0.9568,0.00489,0.0077844,0.0025948,0.0077844,0.0025948,0.0077844,0.0025948,0.0077844,0.0025948
750,263421,2.10613,1.00462,0.00403,0.77759,0.47155,0.52505,0.26592,2.04282,0.95695,0.00489,0.0077547,0.0025849,0.0077547,0.0025849,0.0077547,0.0025849,0.0077547,0.0025849
751,263531,2.10854,1.00231,0.00398,0.7765,0.47206,0.52533,0.26592,2.04321,0.95659,0.00489,0.007725,0.002575,0.007725,0.002575,0.007725,0.002575,0.007725,0.002575
752,263644,2.09407,0.9945,0.00399,0.77713,0.4724,0.52542,0.26606,2.0429,0.95706,0.00489,0.0076953,0.0025651,0.0076953,0.0025651,0.0076953,0.0025651,0.0076953,0.0025651
753,263765,2.11525,1.0071,0.00401,0.77708,0.47267,0.52575,0.26636,2.04298,0.95642,0.00489,0.0076656,0.0025552,0.0076656,0.0025552,0.0076656,0.0025552,0.0076656,0.0025552
754,263888,2.11097,1.00499,0.00402,0.77752,0.47247,0.5257,0.26629,2.04289,0.95626,0.00489,0.0076359,0.0025453,0.0076359,0.0025453,0.0076359,0.0025453,0.0076359,0.0025453
755,264006,2.09766,0.9994,0.004,0.77571,0.47283,0.52565,0.26653,2.04281,0.95665,0.00489,0.0076062,0.0025354,0.0076062,0.0025354,0.0076062,0.0025354,0.0076062,0.0025354
756,264128,2.10518,1.0022,0.00399,0.77753,0.47231,0.52569,0.26656,2.0431,0.95594,0.00489,0.0075765,0.0025255,0.0075765,0.0025255,0.0075765,0.0025255,0.0075765,0.0025255
757,264249,2.10086,1,0.00401,0.77603,0.47308,0.5259,0.26647,2.04308,0.95581,0.00489,0.0075468,0.0025156,0.0075468,0.0025156,0.0075468,0.0025156,0.0075468,0.0025156
758,264372,2.10151,0.99477,0.00399,0.77577,0.47302,0.52581,0.26647,2.04348,0.956,0.00489,0.0075171,0.0025057,0.0075171,0.0025057,0.0075171,0.0025057,0.0075171,0.0025057
759,264494,2.11312,1.00065,0.00397,0.77545,0.47302,0.52571,0.26618,2.04367,0.95581,0.00489,0.0074874,0.0024958,0.0074874,0.0024958,0.0074874,0.0024958,0.0074874,0.0024958
760,264616,2.10245,0.99898,0.004,0.77589,0.47313,0.52576,0.2664,2.04333,0.95672,0.00489,0.0074577,0.0024859,0.0074577,0.0024859,0.0074577,0.0024859,0.0074577,0.0024859
761,264736,2.10162,1.00064,0.004,0.77343,0.47375,0.52573,0.26641,2.04385,0.95636,0.00489,0.007428,0.002476,0.007428,0.002476,0.007428,0.002476,0.007428,0.002476
762,264856,2.11549,1.01014,0.004,0.77468,0.4736,0.526,0.26651,2.04344,0.9565,0.00489,0.0073983,0.0024661,0.0073983,0.0024661,0.0073983,0.0024661,0.0073983,0.0024661
763,264977,2.09277,0.99793,0.004,0.77712,0.47269,0.52584,0.26645,2.04404,0.95656,0.00489,0.0073686,0.0024562,0.0073686,0.0024562,0.0073686,0.0024562,0.0073686,0.0024562
764,265100,2.12665,1.00558,0.00396,0.77497,0.47312,0.52573,0.26636,2.04425,0.95635,0.0049,0.0073389,0.0024463,0.0073389,0.0024463,0.0073389,0.0024463,0.0073389,0.0024463
765,265221,2.10857,1.00673,0.00399,0.77627,0.47243,0.52548,0.26633,2.04438,0.95581,0.00489,0.0073092,0.0024364,0.0073092,0.0024364,0.0073092,0.0024364,0.0073092,0.0024364
766,265342,2.10141,0.99882,0.00397,0.77605,0.47259,0.52555,0.26633,2.04406,0.9559,0.0049,0.0072795,0.0024265,0.0072795,0.0024265,0.0072795,0.0024265,0.0072795,0.0024265
767,265463,2.10092,1.0074,0.00399,0.77599,0.47234,0.52546,0.26615,2.04336,0.95614,0.00489,0.0072498,0.0024166,0.0072498,0.0024166,0.0072498,0.0024166,0.0072498,0.0024166
768,265585,2.08573,0.98862,0.00397,0.7782,0.47186,0.52551,0.26603,2.04441,0.95555,0.0049,0.0072201,0.0024067,0.0072201,0.0024067,0.0072201,0.0024067,0.0072201,0.0024067
769,265705,2.10725,1.00454,0.00397,0.77769,0.472,0.52554,0.26638,2.04373,0.95572,0.0049,0.0071904,0.0023968,0.0071904,0.0023968,0.0071904,0.0023968,0.0071904,0.0023968
770,265821,2.09091,0.99329,0.00399,0.77756,0.47214,0.52573,0.26608,2.04413,0.95559,0.0049,0.0071607,0.0023869,0.0071607,0.0023869,0.0071607,0.0023869,0.0071607,0.0023869
771,265935,2.09401,0.99607,0.00397,0.77724,0.47196,0.52564,0.26597,2.04445,0.95561,0.0049,0.007131,0.002377,0.007131,0.002377,0.007131,0.002377,0.007131,0.002377
772,266050,2.08772,0.98908,0.00397,0.77598,0.47239,0.52589,0.26596,2.04433,0.95609,0.0049,0.0071013,0.0023671,0.0071013,0.0023671,0.0071013,0.0023671,0.0071013,0.0023671
773,266164,2.10532,1.00905,0.00396,0.77739,0.47221,0.52592,0.26611,2.04416,0.95611,0.0049,0.0070716,0.0023572,0.0070716,0.0023572,0.0070716,0.0023572,0.0070716,0.0023572
774,266278,2.09318,0.99569,0.00399,0.77693,0.47226,0.5259,0.26582,2.04474,0.9563,0.0049,0.0070419,0.0023473,0.0070419,0.0023473,0.0070419,0.0023473,0.0070419,0.0023473
775,266392,2.09042,0.995,0.00398,0.77767,0.47219,0.52578,0.26597,2.04418,0.95633,0.0049,0.0070122,0.0023374,0.0070122,0.0023374,0.0070122,0.0023374,0.0070122,0.0023374
776,266507,2.10836,1.00639,0.00396,0.77657,0.47252,0.52597,0.26606,2.04375,0.95612,0.0049,0.0069825,0.0023275,0.0069825,0.0023275,0.0069825,0.0023275,0.0069825,0.0023275
777,266634,2.09512,1.00014,0.00396,0.77637,0.47249,0.52604,0.2659,2.04434,0.95618,0.0049,0.0069528,0.0023176,0.0069528,0.0023176,0.0069528,0.0023176,0.0069528,0.0023176
778,266754,2.09113,0.99866,0.00395,0.77688,0.47239,0.52613,0.26612,2.04436,0.95649,0.0049,0.0069231,0.0023077,0.0069231,0.0023077,0.0069231,0.0023077,0.0069231,0.0023077
779,266876,2.09306,0.99782,0.00393,0.77721,0.47253,0.52623,0.26612,2.04452,0.95576,0.0049,0.0068934,0.0022978,0.0068934,0.0022978,0.0068934,0.0022978,0.0068934,0.0022978
780,267001,2.09503,0.9955,0.00397,0.77702,0.47277,0.52626,0.26605,2.04439,0.95642,0.0049,0.0068637,0.0022879,0.0068637,0.0022879,0.0068637,0.0022879,0.0068637,0.0022879
781,267123,2.10106,1.00445,0.00399,0.77816,0.47254,0.52646,0.26609,2.0446,0.95626,0.0049,0.006834,0.002278,0.006834,0.002278,0.006834,0.002278,0.006834,0.002278
782,267246,2.08498,0.99851,0.00397,0.77798,0.47253,0.52637,0.26611,2.04419,0.9571,0.0049,0.0068043,0.0022681,0.0068043,0.0022681,0.0068043,0.0022681,0.0068043,0.0022681
783,267368,2.08682,0.997,0.00392,0.77647,0.47284,0.52619,0.26597,2.04387,0.95793,0.0049,0.0067746,0.0022582,0.0067746,0.0022582,0.0067746,0.0022582,0.0067746,0.0022582
784,267492,2.10592,1.002,0.00395,0.7773,0.47267,0.52634,0.2662,2.04356,0.9579,0.0049,0.0067449,0.0022483,0.0067449,0.0022483,0.0067449,0.0022483,0.0067449,0.0022483
785,267611,2.09808,1.00048,0.00398,0.77687,0.47258,0.52634,0.26616,2.04388,0.95761,0.0049,0.0067152,0.0022384,0.0067152,0.0022384,0.0067152,0.0022384,0.0067152,0.0022384
786,267727,2.09255,1.00066,0.00397,0.77585,0.47311,0.5264,0.26629,2.04428,0.95724,0.0049,0.0066855,0.0022285,0.0066855,0.0022285,0.0066855,0.0022285,0.0066855,0.0022285
787,267842,2.09612,0.99891,0.0039,0.77654,0.47281,0.52653,0.26615,2.0451,0.95772,0.0049,0.0066558,0.0022186,0.0066558,0.0022186,0.0066558,0.0022186,0.0066558,0.0022186
788,267958,2.09985,0.99843,0.00393,0.77577,0.47305,0.52643,0.26617,2.04528,0.95755,0.0049,0.0066261,0.0022087,0.0066261,0.0022087,0.0066261,0.0022087,0.0066261,0.0022087
789,268074,2.09636,0.99688,0.00393,0.77658,0.47266,0.52627,0.26615,2.04559,0.95767,0.0049,0.0065964,0.0021988,0.0065964,0.0021988,0.0065964,0.0021988,0.0065964,0.0021988
790,268196,2.09099,0.99694,0.00394,0.77586,0.47294,0.52612,0.26612,2.04565,0.95803,0.0049,0.0065667,0.0021889,0.0065667,0.0021889,0.0065667,0.0021889,0.0065667,0.0021889
791,268320,2.10667,1.00237,0.00392,0.77554,0.4733,0.52624,0.26612,2.04596,0.95752,0.0049,0.006537,0.002179,0.006537,0.002179,0.006537,0.002179,0.006537,0.002179
792,268448,2.08786,0.99063,0.00395,0.77458,0.47341,0.52613,0.26638,2.04616,0.95768,0.0049,0.0065073,0.0021691,0.0065073,0.0021691,0.0065073,0.0021691,0.0065073,0.0021691
793,268575,2.08974,0.99354,0.00394,0.77546,0.47319,0.5262,0.26605,2.04629,0.95827,0.0049,0.0064776,0.0021592,0.0064776,0.0021592,0.0064776,0.0021592,0.0064776,0.0021592
794,268700,2.08447,0.98803,0.00396,0.77631,0.47288,0.52624,0.26607,2.04681,0.95796,0.00491,0.0064479,0.0021493,0.0064479,0.0021493,0.0064479,0.0021493,0.0064479,0.0021493
795,268822,2.08918,0.99468,0.0039,0.77611,0.47296,0.52634,0.26612,2.04652,0.95786,0.0049,0.0064182,0.0021394,0.0064182,0.0021394,0.0064182,0.0021394,0.0064182,0.0021394
796,268945,2.10414,1.0003,0.004,0.77621,0.47267,0.52608,0.26601,2.04636,0.95822,0.0049,0.0063885,0.0021295,0.0063885,0.0021295,0.0063885,0.0021295,0.0063885,0.0021295
797,269065,2.09007,0.99191,0.00394,0.77441,0.47373,0.52609,0.26644,2.04629,0.95806,0.0049,0.0063588,0.0021196,0.0063588,0.0021196,0.0063588,0.0021196,0.0063588,0.0021196
798,269182,2.08162,0.98853,0.00395,0.77497,0.47385,0.52629,0.26626,2.04661,0.95751,0.00491,0.0063291,0.0021097,0.0063291,0.0021097,0.0063291,0.0021097,0.0063291,0.0021097
799,269296,2.09254,0.99674,0.00392,0.77308,0.47443,0.52621,0.26606,2.04735,0.95745,0.00491,0.0062994,0.0020998,0.0062994,0.0020998,0.0062994,0.0020998,0.0062994,0.0020998
800,269413,2.0974,0.99307,0.00391,0.77325,0.47438,0.52632,0.26607,2.04725,0.95772,0.00491,0.0062697,0.0020899,0.0062697,0.0020899,0.0062697,0.0020899,0.0062697,0.0020899
801,269527,2.07492,0.99022,0.00394,0.7724,0.4743,0.52624,0.26635,2.04721,0.95773,0.00491,0.00624,0.00208,0.00624,0.00208,0.00624,0.00208,0.00624,0.00208
802,269642,2.08233,0.99154,0.00396,0.77269,0.47423,0.52621,0.26627,2.04758,0.95783,0.00491,0.0062103,0.0020701,0.0062103,0.0020701,0.0062103,0.0020701,0.0062103,0.0020701
